indice_tiempo,alimentos_bebidas,carne_vacuna,carne_aviar,fiambres_embutidos,preparacion_frutas_hortalizas_legumbres,molienda_oleaginosas,productos_lacteos,molienda_cereales,galletitas_panaderia_pastas,azucar_confiteria_chocolate,yerba_te_cafe,gaseosas_aguas_sodas_cervezas_jugos_sidras_espirituosas,vino,otros_productos_alimenticios,productos_tabaco,preparacion_hojas_tabaco,cigarrillos,productos_textiles,preparacion_fibras_uso_textil,hilados_algodon,tejidos_acabado_productos_textiles,otros_productos_textiles,prendas_vestir_cuero_calzado,prendas_vestir,curtido_articulos_cuero,calzado,madera_papel_edicion_impresion,productos_madera_corcho,productos_papel,edicion_impresion,refinacion_petroleo_coque_combustible_nuclear,naftas,gasoil,fueloil,asfaltos,otros_productos_refinacion,sustancias_productos_quimicos,gases_industriales,productos_quimicos_basicos,agroquimicos,materias_primas_plasticas_y_caucho_sintetico,pinturas,productos_farmaceuticos,detergentes_jabones_productos_personales,otros_productos_quimicos,productos_caucho_plastico,neumaticos,otros_productos_caucho,manufacturas_plastico,productos_minerales_no_metalicos,productos_vidrio,productos_arcilla_ceramica,cemento,cal_yeso,articulos_cemento_yeso,otros_productos_minerales_no_metalicos,industrias_metalicas_basicas,industria_siderurgica,aluminio_otros_metales_no_ferrosos,fundicion_metales,productos_metal,productos_metalicos_uso_estructural,envases_metalicos,otros_productos_metal_y_servicios,maquinaria_equipo,maquinaria_uso_general,maquinaria_agropecuaria,otra_maquinaria_uso_especial,aparatos_uso_domestico,otros_equipos_aparatos_instrumentos,equipos_informatica,equipos_electricos,instrumentos_medicos_opticos_precision,vehiculos_automotores_carrocerias_remolques_autopartes,vehiculos_automotores,carrocerias_remolques_semirremolques,autopartes,otro_equipo_de_transporte,motocicletas,otro_equipo_transporte,muebles_colchones_otras_industrias_manufactureras,muebles_colchones,otras_industrias_manufactureras,recliclamiento_reparacion_instalacion_mantenimiento
2016-01-01,130.67616072746296,83.1696678302228,212.00923787528865,143.3508705530069,145.11185072889822,180.46520203556574,125.64593549669752,124.92419237644656,95.80196389735973,50.68059984152729,95.72511693892042,173.51140752871876,109.97700442456318,169.3741287591415,106.19948389078264,98.21947794246017,110.02913543064786,84.2676481531378,13.783115436773079,103.31625441696113,85.16552464429775,88.31549675797328,85.08686346111747,89.08939286457797,56.34547672794551,99.0553755769423,112.05220811386322,90.64374115868007,113.43553204066673,125.11659893266612,116.082454628975,153.0739412249675,93.46761781798861,189.42528046763033,50.659437894172335,111.3561895348083,137.1525913618032,124.06133606244009,85.1057293404729,115.30516569886694,102.2363393615231,117.81096196961617,190.76745247049064,158.0160643432559,106.08648647772657,119.0923090309344,117.30082938388627,100.37985414684942,121.82331714810309,162.74024047405936,144.737427871389,147.2073609788702,165.7901540837839,190.5460684432383,201.88542808705907,155.03235949167825,94.7960633986088,83.26015122098089,140.2302987352253,106.4239160872621,109.0918228586668,95.85205907252295,159.4894201423458,110.11292359273202,118.26385336994944,102.44954827771129,114.67011399606594,114.42989890303635,182.27507327140026,133.3201206881297,254.1318771109882,105.52203444023034,91.0548805992566,63.268128716067245,85.4083523754379,92.10074519370265,49.63229256928301,130.2030975868206,442.6984875552753,97.63855678258413,110.07757779040487,124.90968779650761,78.65530764301704,117.05119421077309
2016-02-01,129.2639730718447,79.91933798780036,195.38106235565817,139.49739479670893,155.8936110217914,153.60003604766575,114.55527385289814,133.72073556223359,106.63696442404063,77.47341653260975,109.18307310462819,153.96435947853436,109.61515498107488,181.94431917397637,127.90479009035263,186.4406782031621,99.81307493370872,96.96522817278039,13.476069857206722,127.64773036151126,117.71900624290728,80.95888550615285,102.30285068061991,98.46311650889332,63.61417736557913,160.3117815553184,110.44869988099354,94.329158209639,105.00797970532328,126.55726448217759,111.27368225233077,142.58455463651484,93.21219067410821,182.26293707157916,48.953492430806236,104.96859838782754,133.6941566533575,124.99559575948625,94.23687560878088,106.04101373970369,99.5557892632679,109.90061601538265,171.1053731451247,166.29799714408819,125.91120600096751,113.90864790192519,95.5568720379147,94.93066869872582,119.89673731304556,159.8483519316733,146.09450917314794,160.76288034238206,155.1416558670241,176.48480341264695,186.86567155392942,150.15873238283535,80.06826152925196,61.610495314047306,126.2096534578142,124.98196954558964,105.93590527958594,94.56613556676365,146.0383561469949,107.03296725794091,132.20384140671027,97.04994160643471,150.8736724174463,119.60562020091228,227.21810211379184,157.27953051480023,402.74579277225666,88.44168479474675,99.79181688427178,113.13788419960012,178.48386481707647,162.50489625503155,77.59422255461966,143.32330289733605,437.79698934593563,112.63676899647635,104.75954868353593,118.80374107984775,68.72238639265431,118.9002935725958
2016-03-01,141.65062327052485,88.92332309340227,238.3371824480369,147.30733189191383,197.92067873496418,161.45628893161012,120.84589316829604,160.3432873866208,126.41338596238047,87.7251250244172,130.11251460142648,160.797817284998,126.42794337026201,174.43263816757482,148.56314934240984,228.32670511111212,110.28415228991393,119.3409024118058,105.74924747749657,136.0186191899973,143.27891236266015,93.36102175359375,135.02520729455148,134.13478290681505,73.50140136749113,205.11242877678478,118.03318929102018,103.37373725737837,113.04772151027407,132.7190001060974,115.28262401793978,147.00745521050897,101.75357918384191,189.88174170492292,52.16622436184575,103.00148231661107,148.31859864284024,134.94685676108543,92.9557213762068,111.84336414256593,106.57965794954876,109.50725645672819,203.88568185737142,183.12091861327906,137.4891556585563,136.58945230719007,145.85308056872037,116.3506848151566,137.36302462936038,171.77895833246978,150.49513207715975,170.494626863096,167.42953582989622,203.2277073926204,212.22537927261672,156.14454554960116,100.90171178426834,86.45121229876607,147.67862502126445,125.51000555321792,124.94458309102679,111.7110429795602,152.6442205207632,127.53666967623008,156.4699353251079,103.73466708207715,193.65393287395315,137.91791671029716,280.04558057041777,187.5511417132777,458.66190144152034,115.65134957642317,114.57089780132087,151.33603399603416,250.0741212046796,186.0237344045018,102.8807234750118,174.82504820001336,631.7976733785338,127.20481386456544,130.56408129497115,150.33381048330781,91.22660816309464,136.80623010580328
2016-04-01,135.53429109059624,78.98873810199537,231.40877598152426,135.67956010351702,185.64736546726647,181.38928530636068,99.74358699705252,169.7837816818995,126.67718609933415,90.68289736671272,156.53806377238146,136.34119386157425,130.70086163229598,150.59248675092945,117.2505286415723,146.14350465448382,103.38462042099059,123.19031910088518,211.8006867579354,130.39344930687685,136.3664486352967,89.95084956291682,137.8840372572964,139.5011320817035,72.25075769371243,201.74605819812285,115.05218621844168,102.08644741603632,106.66559287587638,131.8891682719083,111.04323324435187,139.30914627568288,95.37187734387527,169.40888133216927,46.8512563141196,105.75971943118576,147.76129110892197,125.03835258842126,98.96208357273817,112.06308737510216,107.10715424266861,102.32294653367097,201.7200988365006,177.77569548923847,145.16029501951255,130.90445655692022,152.59810426540287,114.65730676068118,128.75048417110574,158.6551198696849,157.520834924172,159.09998908265445,146.3885009190023,184.90601708588196,183.64062763463218,149.30772121663531,101.24516621314987,88.801196765196,141.89120686286802,122.07548239029568,113.97378747830409,114.23187617547288,136.8577847163904,112.29979347429307,136.6359148965203,94.49403908370462,150.58220969509,128.03896885077341,257.4989426954436,175.2442574488149,413.2305131866266,110.41643507949235,115.11536446827323,140.17021883323557,237.15249430893667,178.92852849121758,91.95973453254318,172.21929218375618,633.4819907121276,124.15199759353622,137.48143822052026,164.52104679728328,95.30812059950043,132.06964908549895
2016-05-01,139.5732155921133,86.11394098980139,242.49422632794455,127.31042410108337,228.300393594218,197.84668189187772,108.73537164184492,164.91482369352687,130.23986616007997,99.43991156261579,156.34573237563808,121.90438249265169,128.7830340942469,153.19032664780107,85.52571432494359,47.6465892227635,103.7041280649491,134.89200489029912,357.979006557702,128.13087795596627,132.9420527025787,93.68829832143916,125.5829472600583,126.4001957105571,70.32538617646209,181.66148731563067,112.82572099139914,95.31419794160045,112.49439965071836,124.92734353669108,111.67808109142982,140.40186218660224,98.64338214550133,175.88557775649022,62.025039175053195,101.6793779723819,147.2223740778678,130.40786281567887,93.28995725136171,116.98694236664538,112.18769906075576,90.5499774052796,197.03088247349893,169.94811767859565,167.56576160078043,124.96720653099499,144.1824644549763,101.73100761500406,124.18541359448847,167.37824275604584,155.4610826133174,141.28193002546962,173.30916771731665,183.55559128835003,218.44384151197173,148.82332945467195,102.46966081571969,88.91468572965597,147.5057351156232,124.40563634355779,115.33640085672624,118.41279106317782,136.14864604504257,112.84512066040915,146.9810679018237,92.59102187246948,203.82601419269463,123.13080129259195,244.5314960991255,161.58221056050584,343.6481414848853,111.5937009787308,116.48584270111746,136.20395313548048,225.66307071766144,176.92640450498652,91.07916857688828,160.70105197900003,554.8375370478908,119.6288503962507,136.27415104720808,163.3057361144863,93.06057670587519,132.1267300516111
2016-06-01,134.04408137778398,82.1519031572617,252.19399538106236,127.29129724938959,217.83918932769933,191.9725177659811,114.98504791259859,145.4450637062657,121.64780036058256,116.13253206117187,150.3821373377983,103.2427835337669,119.55713835979454,154.37980294020113,54.45751024380978,4.392554262672165,78.48397551314368,130.64792456729958,367.57592160283957,125.4546072302256,123.73875671807954,89.94267919258357,112.10814824663827,110.76925805812056,68.26071511573745,165.05105220818945,107.27514984908085,93.84055114030687,105.71768415569827,117.82028911728355,113.29987978224041,140.2453393098662,105.91891894773046,212.01011567948242,49.21985303348983,93.29759387114568,135.7566039798128,130.6934553708253,76.68091241831699,78.6773302521152,79.80239001280813,81.13971036563777,204.2782865673996,157.3213484088518,171.93559501827792,114.31556632437254,134.89028436018958,97.49209353427368,112.45275384272976,156.69964915583628,146.58640044786404,132.26445061834642,166.79538827946305,173.62149268541822,191.64805346585968,144.82002830522913,92.97457909843902,81.22529118540947,129.1114880425986,114.8613929581714,111.5046359986854,115.38898553145798,126.55861243822785,109.136973587442,147.24742750186587,91.21713268845797,220.52861413295227,126.73861424571611,211.95448486566,149.937904774553,301.94473540015827,106.68272908511044,115.77811592300344,133.6557079686809,227.00157847087436,168.57254990065678,87.5671718575344,152.07372489574666,513.1058125302131,114.45126860735766,131.484663347581,142.7260419333635,117.48915167483878,124.99165053652817
2016-07-01,137.26341179592265,81.20723108591578,239.72286374133947,128.5502661636708,204.29386092803256,183.3535242048266,113.8049976206958,151.43338069044788,118.56436597136792,155.29197706915377,144.3698352715751,124.22592601025933,123.5951986566876,160.38699529918156,58.91462193398112,0.5439883454791492,86.92703047762465,124.1517381027138,306.0119446025866,122.32970916009786,117.41315727240902,93.00050019385776,108.36203643335836,112.77382553229388,64.93127225168843,136.4223713093091,109.10479157528621,98.74859881818647,106.37715888371005,118.71105265925421,115.44027678462089,144.18732386334392,101.36587504265944,216.5335658553016,66.54612023602678,101.14688882076602,145.57893442430841,127.41848657967063,91.44801926025362,118.33059766738148,100.84676464662981,90.93209227681392,201.67500307301088,163.1330027212511,163.3179870330754,118.30104924141786,144.2658767772512,96.19338068536594,116.06185263042266,160.47095814056402,152.60662923367465,138.85732452300005,166.82512893613995,170.12393358813625,196.43598525088711,148.05781752505538,95.54847272698714,84.65133370371942,133.9008510206794,111.05624978355131,113.57456180127978,111.63136588294489,132.89774049860102,112.89786000709917,136.92596667642425,88.75228555618334,205.9614540343558,115.59175260761536,186.12722275966976,144.3643160909482,296.35966361452,99.9784416412081,112.81201209932861,129.05932147449377,214.70887577570016,162.43243647185514,86.59506501934798,154.18998162288725,514.8890012732696,116.60223370558617,131.87703089265747,140.4211551398232,121.39006338073573,126.76147447449925
2016-08-01,151.47051550639057,90.54530455817799,259.122401847575,146.18043885687896,213.57759518771005,173.45115745781564,122.43608646039341,173.4592920941059,131.72372487164273,188.36480621814187,140.54422932797743,145.50493698110603,165.0248694437097,171.0375840343726,65.9942233197161,0.0,97.66523717550007,121.54443748097623,216.93518839411126,130.86055993476492,125.3317010007997,93.72492527125068,128.15449445873858,127.13615569326913,67.26116065344404,198.105741951866,115.60619562020312,103.170907215645,107.99989373872425,131.33136895206994,112.01827843613505,135.3025074838792,95.37013387252783,188.8745125665047,77.34046786870661,107.04828541717356,145.1297437577344,132.58273315612382,86.64934897712924,123.43071243424798,90.60408941541273,113.57162724542245,195.4936499177443,158.6045602263812,184.48404506140582,128.20030794803392,142.70509478672986,96.84808758752244,129.3686210766463,177.6376893441039,137.2663268947706,145.99622686042193,196.10720387459997,198.86100844741753,244.17308182581513,162.71424489565,76.09078297159972,55.66000498881767,138.03219757486914,115.03822929348232,118.71793865872334,121.5950977142887,147.15823839408867,115.76591336424542,148.44097593621655,107.7179268141513,205.55139598006858,127.7806855556648,196.56386994045678,161.565789535321,342.88542475371105,111.90830306323453,116.36455970824143,146.19191001328073,251.20648657696483,186.08016070892074,94.26224634011048,174.55374077423312,660.2326741501826,123.94207752609462,140.77998828630686,166.97131728533626,101.43455273413224,133.7329827733621
2016-09-01,146.86194873690607,85.97018863245196,245.26558891454962,142.87908748664728,224.99221633920482,161.52964211750466,118.00025323224898,164.4157796319092,126.13736340311517,195.7487996715279,121.81835804793641,156.25052828894079,149.9034028018093,159.83490595735609,69.4388466849415,0.0,102.76295544570661,107.79925009361489,103.89729043125134,114.73878771405272,119.37408918502824,95.26321766830642,128.20467559086268,129.30763289114242,67.58510081765,188.84791637774006,112.3038622089752,107.87625828425165,107.59901634701762,119.83458213221472,115.66986166012596,144.4509999672696,96.92791433255265,136.0726395403555,82.42638763385779,118.07795153526651,153.5491565594138,128.6369087014211,98.72963183575314,132.96018677908987,99.25450305025237,138.4885122589846,199.75842505399226,168.90860353547498,188.80856856337005,133.63721097688818,139.58815165876777,101.18855813559853,136.61002364160916,174.2047660484068,128.5148626714919,148.66480108715788,193.4376441562408,196.2964616525037,237.34241026688497,158.44922474626395,95.36256431030874,84.7845921145387,131.2926207377142,111.70312838166005,121.44157684825966,123.34662892168222,159.03593744184846,118.18654903830279,159.62476225333626,115.8265778784662,233.82842219690147,122.34323749098918,208.81117203595986,165.64788729693007,373.5979450260757,107.9897390348092,115.43311170227967,141.05773996372108,244.94474551004996,167.20920960024372,91.43695345964879,184.44227503832545,721.3203994744248,128.49524301373728,137.1009075020415,158.10644723453146,102.15362585418006,135.51789212141708
2016-10-01,144.68042812430696,85.02102504132878,234.18013856812934,133.88839623590445,223.8205899386176,167.05382388300197,118.42832046373285,132.08394789081908,116.94066277604182,184.68198164289782,114.59359902370109,173.86325180044878,146.24540133782168,157.6681091929212,46.364382744959926,0.0,68.61492126886439,92.94356910066078,38.63260275334313,106.59907583582495,110.1898745564022,82.62683245011443,122.99367627105732,123.66893229288894,67.5670933902666,179.8576689245521,116.20728885179832,108.60957439755767,112.62722636726755,124.78249146265078,117.10393156966144,151.96917692720194,103.32520961161791,114.21983445920436,88.80422951078846,113.37414076574878,150.57608224534826,124.84279708086012,100.12798717471314,144.63128590991127,105.17458570006208,137.6334207182587,185.0651266019735,162.68963577432228,186.37188270568038,129.46612223508538,143.63744075829382,93.51233055243603,131.28517564683864,169.28449214246567,138.5436538789648,145.24746512832746,183.69748315695475,184.68360419745588,221.62036851597023,154.66397317860088,98.44636192993245,86.85555516210104,149.8380335306313,104.44144712841852,114.80700557723982,121.02114963502979,161.64056074252105,109.4425037524698,163.43830595974003,118.76585087355028,245.23394058735548,113.7687007722253,219.18906548650975,153.65794166055906,328.3039103849034,104.34857617049109,113.51921972451925,137.15451009978426,213.40153351531094,180.64965854921945,97.53784998858872,172.21683939907368,737.7270843593438,113.28610941588428,140.04755378962471,154.72947700636834,120.28969285982576,133.34114128281075
2016-11-01,143.80846778552308,90.31716103141166,246.65127020785218,151.8113523437596,241.4607225853964,163.4185004060815,111.41833126238738,136.90870868132455,116.93095766653173,136.1945912092374,110.31967058036673,183.07013791698506,130.1097718573427,161.96279830301896,63.02983867308202,0.0,93.27822699446756,97.18696854272876,15.586410095657465,114.49252514270182,116.26147655282954,89.11202879224825,110.73824268573613,111.34579079358502,63.23166320733249,159.3545545672812,114.15025601506368,106.04661706372039,108.81214373456316,124.76676169028822,111.29837607729438,137.53070580041805,100.65464008241887,98.78515110968638,104.30875862742393,109.8105462895366,151.27980690093375,140.34323584077143,96.3389671531597,126.06790294223111,107.09363635899709,135.98636177737254,190.0774376432668,174.24112312731668,185.75346148011164,130.68289997617194,144.17061611374407,99.75919752223838,131.99461917792016,177.63508179515813,136.64641173480652,149.83881400534247,191.624999100585,194.4982067102258,243.6523470655521,168.30184323103973,100.01489982179265,88.6908633118105,138.60295580760138,117.38525711554608,120.91649425678182,130.09103069727806,177.22285391731995,113.88615326448875,161.42481540854428,123.99451776604438,231.51934172299678,114.71943986837867,212.80734345111742,169.28264965807207,376.6949625805253,113.86314140166091,114.39771474603884,162.49675009738945,279.87755513399776,193.72922645292817,106.20913020597207,178.82368039086467,784.6919283375667,115.68732089371082,144.05848853436692,160.46375269730876,123.50537340515962,134.7370317815645
2016-12-01,139.17574439457098,92.30797578569288,250.8083140877598,163.38163726817967,224.6618909884142,154.83005007467045,117.93768291189967,122.69675680542704,103.3545173894412,64.99269263826231,107.2668557707713,188.78886880558704,129.02787224846318,175.42003705622267,67.06043733335508,0.0,99.2431335319344,75.1246712944583,12.926300215800556,72.20630606142973,95.15694247147162,72.65436729122717,108.3069567620411,118.03922508262823,71.97389883924815,106.11243019332886,105.82117002682234,96.92796252411472,101.17989173421701,116.29467009853937,121.3577722384782,167.38740791299438,107.39093104712056,132.57123014476568,92.19028954665436,109.04460925584073,132.46059489628283,123.22324811211168,90.09741415651861,110.67969521920037,109.62984248172445,116.44818404985553,172.6980223420091,143.76979948199613,125.98724776086499,114.67413966083166,123.41232227488152,93.85748085907233,115.62355650775194,160.5391789379215,135.9039263343116,124.88354068437167,184.62059476516475,185.55203083646305,199.4849500141383,153.72670533299996,92.93397236016678,80.75776912834529,148.16593377002687,97.99861946981468,113.50960482383616,121.59953369825442,172.05467466269997,106.69389344010473,153.1792211761529,117.45602669388234,221.14990665249408,106.23485453699159,203.69614048338423,125.5901008243455,156.9438078367158,119.77657660946667,111.40337801333985,134.99984430027448,223.06974574710915,139.64108959941578,95.24059501798979,163.2874988569903,763.2610254664538,100.76541688097201,131.43650123486822,143.45453700694887,116.81803054861093,124.08230099201052
2017-01-01,131.4241036662142,90.53642511981025,239.72286374133947,146.05508908737417,155.08393189922032,142.9344840518442,135.72833050123393,135.65120252852736,100.36677175600505,49.43261780242365,97.98106281258961,167.88590574049528,105.41992342092128,183.62816495787982,99.64892259855161,87.23157708983223,105.60807935312798,72.9365983299538,7.101719053207372,81.66662136450122,83.72746800111071,73.00201355338234,82.68907124826747,85.20461840899324,61.850131919188044,94.45904534863779,106.30105462075983,88.79865595618416,100.67275481903549,123.52143689739404,117.56072285930875,158.83870256854647,102.104513931893,149.1347235526724,91.2422467493618,106.72203290827467,139.72456018245254,118.95503121113569,89.53492820484563,116.95072123433629,104.2459992520321,117.3611634659506,183.15469852861034,165.1790393519399,138.3104356271141,120.92175312298728,118.95734597156398,91.4883789231874,125.05131934356508,152.98385497319688,121.54768841221401,129.12093773811466,164.95396194315217,177.37902015439022,204.60823331370403,144.6905031563784,89.11722618006709,77.95833308059514,140.84402876652763,92.65957562771565,103.36714805096747,124.82893002530926,171.58389850163317,91.32213225599833,116.62055334062943,104.6249977448541,128.1738399790672,88.1121237225049,175.7536576161345,105.60853804780058,137.87815372408238,95.85207996932843,99.67483139299227,92.73000329443187,146.52170909646043,97.62892380060046,68.1740590573295,164.65862307304906,743.092318485209,104.38116528816445,107.48870013622027,122.2861714021889,75.07112908898372,115.72788011075906
2017-02-01,118.79586523543726,77.74610743877952,210.62355658198615,129.86602617187367,159.26816402530727,124.94701436022508,108.91412441662118,120.75043145434556,100.69842274190648,79.26011457741339,109.58502487995702,140.8276712873115,84.15397138739486,167.71867440575895,107.56162560199387,137.81432252283594,93.04317936294892,81.06162190927269,11.419824973954874,100.0150856210927,99.12512808048305,70.5044758584399,85.37602846902006,82.17371590013254,59.38771081424213,126.98955123220198,100.57074115936263,83.97949199451618,98.5079181470563,113.72849086461162,101.36978099622131,128.09815128429472,86.4530352794983,128.51746892658394,87.18680246318475,98.91048393077752,127.67128597023004,117.88140958370836,82.88660441839177,99.46281720419452,91.12714876710046,107.15055391256682,172.25527496196534,150.20744877838587,124.52892000907453,105.35725813671097,77.92654028436019,80.05895571835569,113.91711413899628,147.9938227467428,115.63149309672663,132.42428786020446,156.7603150910648,155.5789264313684,198.6458809521373,136.3136217618413,79.87206409920933,67.04570405837363,127.26510319878805,95.89537099276689,95.57367605238925,108.50945685967517,154.09513196848934,87.10745720173657,127.39685520904274,80.30228178861086,189.37681169021948,89.65291114670838,212.44899084462818,131.4184565137584,279.00839747589686,89.37931019118716,98.34508005460658,103.17997263047486,145.85877181745667,165.0013295061534,76.07334527397536,157.92450530358633,726.7013917835424,98.65336491923433,96.64045062011513,109.59787146231753,63.59914434416933,109.43840116663539
2017-03-01,144.0918450547043,97.53017220409228,266.05080831408776,156.2000661434933,204.18616057797402,166.61706974673726,125.11422350349417,157.44874007831257,125.29248649093769,98.39689379849764,137.706453348669,164.940840024339,111.73816597022017,174.83876729949745,163.26213126740637,294.88013358643843,100.09788195240124,100.960958520188,57.72353437945832,106.08765969013318,120.59705111923037,90.73215143039891,121.66571279528672,121.9212358768117,70.9289658564189,175.25885070768487,116.81869524790285,106.4319024310612,113.64192729947274,126.88008728164495,113.33654129333712,143.86340459789497,94.19328961410042,146.0691289324601,110.6993708742198,112.19826854253655,145.9220115461787,135.02950522730688,95.13361596547942,117.38988667683573,111.4569401219342,124.84521901224778,185.70287258707435,183.81672414222493,139.1942121546514,130.6146310922724,146.2559241706161,113.43862869513673,129.75693592505723,182.70294893096832,134.3431569365569,157.09467084850488,195.30516552034558,193.35551635601018,260.7162429251989,167.96409761717393,104.11055659547146,90.69745563767405,150.4759888193781,124.0328718445779,122.32826712082235,126.26055854286618,173.0212662558352,117.47425667897656,154.6327153033868,92.8800591609632,233.46575335101787,110.63050631108817,262.6361165388411,166.5951272856616,332.5582049089038,121.79876425343372,123.71642433332369,153.3290132899596,238.67565795044504,198.44503938830314,109.45412927001404,196.62418246287,963.0454726809985,116.75690064132621,140.35432976211362,161.7608237977062,107.24220660777162,135.73975556541566
2017-04-01,131.4323263505788,80.4642243821404,236.9515011547344,129.5710100186668,185.82709850903876,194.46281857947054,109.00376969887789,148.84110664265327,117.77264585389844,90.86464779943833,135.76606002165366,128.8608663902598,107.00586224078516,147.22815705490154,117.49683078686658,196.64353608928707,79.51386388188695,99.13980270321115,153.15011495414478,98.71432454471325,105.18422017753774,83.04206512565587,106.83941989075456,108.7031294556936,63.60367111445891,145.515885573212,105.79193479712029,93.30185322414198,101.35127008603105,118.4911740682317,112.5247981661584,152.9652809935679,92.93393716258083,166.47004679164198,109.28874904871655,102.79692427790715,145.7081071420369,129.57523191180843,92.12271886868402,120.78970680778102,115.24132562582037,107.6677507432102,185.36558178016858,174.15414825620158,161.5022116317004,124.16024811405454,139.07582938388626,102.17339427761816,124.05628288151385,160.66109578100532,137.23201906184795,140.4437643213361,166.0910144042315,177.80310428358285,211.794694634931,149.8341601109777,104.02294771935216,91.04781538582172,141.72444905534047,130.37857436331345,111.41916907872479,122.97724794915086,142.96383659744635,105.29232052292869,164.48008703261743,85.6422779895895,293.4599428914765,104.50670730241742,251.29192080153624,147.50692588353306,295.0507342716802,105.50435102196549,114.39006205555647,134.31656464746462,217.9731746725948,186.3072013628735,90.2882830824283,182.1038307689601,937.3699654049141,103.39900615732905,128.95025617393645,148.50484619969689,96.76234354057155,127.06229310335893
2017-05-01,145.25789351245908,92.89596898283322,257.7367205542725,136.47854771169528,205.5746532042097,209.06577072213088,140.06253655993146,151.50172599185726,132.57564148058995,107.30700183726086,171.7982625528524,124.6685817200266,120.50850643306165,162.8483888904622,95.95266095859768,112.08711066197003,88.20964415490883,120.86415518263202,272.773488876815,111.93068768687144,122.4274646110082,92.60376016939865,110.56965487521485,112.70918597870173,67.56656385132507,147.82347366349447,114.46730852707539,108.77457746274355,102.229919474901,130.1369936346052,114.06792773116712,155.00716503162525,100.89948721638349,108.3883828485986,96.68961485226626,105.9725144257069,150.8723427133852,126.78313361016993,93.21578991722399,132.91325017396068,105.80523117704801,119.17185003390635,189.62612763124096,179.20751536595066,185.37996572251353,131.64128525502036,149.90521327014218,111.58221121116935,130.64017253902338,172.52446537285158,147.31293282768584,135.23887483240543,183.82220203979332,184.59854699144265,241.26328532555192,160.23734760618197,110.58554866501684,96.52490495328215,149.25430723073254,141.31275646009766,125.3104153652006,137.6434640137092,148.14456633022544,119.5230409155951,163.937402320752,90.13422322034005,267.13781548590833,111.87418400771327,274.17282956896474,170.52609056627708,340.32706910169634,126.23108621365162,123.12444498829247,157.17987253097672,264.4764251666467,197.8823508399711,104.12868751351911,216.85134797768927,1175.0499729406538,116.99932064275929,144.57769814349138,163.72779437593988,117.55969090691727,137.326291884976
2017-06-01,139.32606914072568,91.99261466599829,260.50808314087755,134.65773820276036,186.6551249194466,179.16190044291446,128.6738929472259,143.53780372758925,121.83809359797765,148.20117298550264,156.43088155976167,112.12266580022329,130.65445455398677,169.5457144341132,78.86576671723908,59.99923290052397,87.9199266703768,125.63076691577835,342.7085452733797,111.5716227235662,116.99602081956169,95.08223243592843,98.0515027636628,100.69438713106042,65.04947171351206,122.38856500474382,112.65770347323408,104.79433983205108,107.67534371578073,122.76836598566106,115.55094812063341,155.5404545929369,98.27756565270636,155.47124850084975,98.25218473575632,106.01799686054886,147.90838474938775,130.5446001549152,81.07036151499122,126.58504749156027,108.02164266063488,106.97979466752858,195.35708309261778,168.4963396625355,182.66803989792868,125.7475498668364,141.196682464455,108.35085388616392,124.95535349406485,180.87317294115982,149.42951757170525,148.12098330531938,189.73119083348192,178.45741983006792,256.23981486041305,168.21552135544727,107.24801914719652,92.40474957715628,146.5162103176249,141.22405348724953,118.23802546833608,134.96890691190706,143.64600628431054,110.77287235669232,174.83352606652392,92.988303183709,305.0302810340494,109.85217284707988,276.5630622806403,167.18154121316755,351.38767651464985,115.84833512182779,123.29418744057939,159.1146396372308,268.83139727142253,200.68832503060082,104.87299022362464,212.39517520535762,1151.3098753589952,114.5526884155939,146.39725349245637,166.9580502279505,120.80890355898246,134.50955603897793
2017-07-01,143.78390590856162,90.91133517676734,253.5796766743649,135.0399543487449,208.85400661162424,201.46663709779148,110.75575890420029,142.7776174506357,124.16559827905874,184.9298930379423,148.30894512694408,124.63800075557842,125.75694127176989,172.07780170358657,70.7850497294483,5.119303772225342,102.29842537728746,120.19038784208007,298.7242091380564,111.85091057352541,120.54246905563004,87.11450742925766,104.04113393094433,106.07024921054283,63.65784048765248,138.94074199778294,118.16924034246746,111.26584876202969,114.36495622015855,126.49426726949045,111.33049274133295,149.27991842851068,95.63106895528456,151.16492426586038,98.16188821431504,101.07744731890585,141.53838232521252,128.42835416658846,66.48081147482664,121.61388317500942,77.03669427429017,109.86376011144647,196.4655874526769,171.19203650443214,175.27422823534664,128.71814115489323,152.65829383886256,107.57824554488951,126.74981598639822,177.70950227037812,155.5256793983695,140.44948434811033,190.9593840166356,194.25038092325966,240.08550038354696,164.16373450892672,117.26267698599706,103.9284406867522,155.80163787584067,144.55180359758782,125.46274200434135,133.55468110067724,179.16046275998244,118.98229626017142,168.81087039358138,86.68573059453365,313.31650077046174,110.01001677655806,233.23586092334403,168.80750464638143,380.3500743725311,110.95533616673221,115.88273571857717,138.38203954158524,220.81491024995788,205.97248975333423,92.84491574580274,194.30859369648232,1008.8327281744951,109.42860741597364,148.20982647820807,170.35628077033923,120.54882297210001,135.5244143000799
2017-08-01,153.1777591297517,96.0621969597377,254.96535796766744,149.58356909571074,269.164799888041,177.87770692293012,115.75690279859204,154.63614560788844,127.24225856720173,194.48387044004667,124.55257526969825,157.37909702465024,142.96435611038382,182.6518176686584,69.29506263745904,0.0,102.55016859266048,117.08425156975498,214.13603856416358,115.27602609404728,128.72934745169698,88.03580355728666,108.16089060540634,107.37316840726858,65.06106134449766,157.95629819409632,121.94587146293838,114.99999513928664,114.14555599865527,134.1656947928311,117.23208044954657,158.8649898058805,102.90515459634058,133.63464795981773,87.12726940191976,107.25955511229677,142.4697426760273,138.26600115692392,80.74301937150369,126.79694303542523,103.64272554458482,120.03792723530876,180.72720485677164,181.94589492174958,139.92157995319275,135.52641758346755,157.19194312796208,103.82555856515377,135.34535862882143,191.01239675524673,157.30033837051374,148.17339318508579,211.8946956899233,202.96405800916472,266.24506010956867,171.01065138487192,113.83032351418692,99.75102905905821,149.16205882796328,147.9552465838524,138.07492995139881,148.76549950441353,185.09465481642027,131.1713335649269,181.20590404548085,96.73126705711238,316.33209275189324,116.54052646118961,281.0193839383107,209.8405222466814,577.2260330625086,106.48221149714666,124.55713107820013,162.3539229113125,265.97340066381355,226.63069150259085,107.83506390659939,212.95112876542117,1179.162497320375,112.26410890250042,151.78913651045443,178.07350352015592,113.72531625571314,143.01220222320012
2017-09-01,143.85892708402633,92.6863545659204,228.63741339491918,146.0816056529002,234.74713163915527,151.45929614543417,109.76436305907787,148.62764354250845,118.69662858781614,182.21146919110402,111.11433293726805,162.88297385423476,128.7624194608329,178.10730217100115,62.19102466069216,0.0,92.03686123023537,107.14552460144967,90.11078027294354,113.19869529763523,125.87226072160617,91.7625463112272,113.14753340739679,112.57882760323012,65.83812297753406,166.5490327986999,123.98741138155337,118.95409657751922,116.22626217523617,134.88264458273926,118.22881045618965,160.70586007262938,107.43589866171195,97.69488719385168,120.9762116367345,107.91783877826069,145.67165167414404,132.43620355325993,90.20515107230432,112.51355144989104,109.71103287870703,135.906099708982,190.56205350022674,169.28834835753227,156.8759177643729,136.86144763155053,152.760663507109,105.19397678366722,137.79848581611537,188.10465508432213,139.36838022766906,148.5819419236601,209.5077681475968,195.24921087012083,270.97276489395693,174.22459013014787,114.16900810212915,103.47006483754964,142.1077591179718,139.02089025838,134.78279413198172,157.1916510473265,169.61059954830765,124.72894129928902,182.20667369175183,113.79009443680032,304.2082496892132,109.22469323690403,269.42087643459877,193.81194853216564,504.78579498349995,106.18692607692927,121.93907238976705,164.26800031398034,269.85672520038923,226.84013242536253,109.09809597437994,201.28311137341848,1078.8895963421965,109.82943523210565,147.10664722399522,176.72294883253898,101.50123936488595,140.47537228449838
2017-10-01,146.48768862693058,99.5467911990839,246.65127020785218,152.76664753672702,217.12088895376002,161.42026127205546,115.15125425330346,139.67634138851983,121.0912218491027,146.4536455444522,112.62899808584683,179.01585463777286,135.8108609392501,174.15234434335517,59.46620635778652,0.0,88.00438668281664,103.67807946143984,61.458750172464995,111.47689589562381,124.95878869552068,90.47081307502201,117.86490165781865,121.0226886620546,67.34206984911124,158.8963447100237,122.06590275177314,110.29653727497647,118.09056941413311,133.83005815713656,111.00751325523794,147.96690127663553,100.66422298097095,105.39772124243602,115.01859602189151,101.26208193498609,155.5085604418048,140.62455991891312,94.29390319416025,133.48132622045193,105.60007864962024,132.75568270890733,198.08141070534955,180.62997006597604,193.0885201737259,137.97209368517267,152.18009478672985,103.57850108794739,139.58537546534671,197.90838810025843,153.12054387493654,163.20117131409006,216.88632913153288,206.14194458103782,277.71925834661965,178.034378269336,94.98355988816326,73.17412293081816,154.37883842300215,143.2228264589901,137.90847680163898,165.53215397674722,198.07587052175074,124.32049511058747,209.38266029472015,122.13997578367288,387.6637791058351,109.76946077165253,285.04069879933087,201.91706029224383,546.8524412913845,105.20314065810626,121.09078800796145,162.19002975279426,269.79951278313297,183.71570483307244,111.52326032199413,207.24025102483944,1163.2955593569216,107.6115745748291,160.0670453628138,195.97845932804435,112.36614683557345,142.91248117324932
2017-11-01,143.84183476565198,99.10309727352244,245.26558891454962,159.51701660492424,222.3646699781776,151.54222528801634,110.17991553652877,134.81043192960308,117.92773839937645,105.68033546230866,100.75372065358411,190.49202433911256,125.31873474722772,181.81458666278036,58.67495168417932,0.0,86.83340426228435,101.88570476598697,16.763682976953486,117.20426746398478,123.52961128706612,93.40097054696705,104.28557378935332,101.62672317131768,63.364738421914154,159.68275120017134,126.39860912227189,126.4588942612693,115.85747297748256,136.5567433518259,113.9569231443922,158.15592162938646,106.09817231793922,91.70197946569705,116.33414871175687,99.4925430827763,148.91840717021734,133.45692343917733,76.59727240773645,136.30543110354546,93.98348199962818,141.04951521705428,186.67139041944756,176.6567406978319,198.05153209132794,132.5045719841655,142.65402843601896,103.59017212911377,134.21023823167846,200.02599738544492,154.41617289071573,165.01995975661063,218.38890385693145,187.43045393259953,283.5368963232545,181.57505415076818,112.04786363045446,97.79573563271242,158.1131463732019,136.38719317283906,146.62210422484574,174.3227386639221,214.77388894495868,132.45451749702337,189.29213866287603,108.94280346885168,327.6453995425407,114.05095372427148,285.55835352788506,191.255507717693,499.95548387822674,102.1971205701104,124.67268673450877,163.26988703134336,266.66772843776806,205.94870744679685,111.69167103871871,204.18465981905987,1144.5101154749136,106.19516092418526,156.65617783470793,177.21034870690653,133.8276182474654,141.47192895606017
2017-12-01,128.4862734655399,96.28374816233789,228.63741339491918,161.3152815561142,191.09737803736277,102.78879871263291,109.14726207387184,132.3830559297599,100.52452013405029,61.93210361362853,89.27649677879066,188.848176972487,107.56076404797467,169.82622078502342,51.38731253908869,0.0,76.04838445673879,88.00604741515788,23.885613753290155,93.00611579233488,104.63563806558483,84.71640503831625,101.6508203099212,110.94766982322056,59.994514768843324,107.04314866624152,110.65483798507277,112.46068912347579,102.4574399802275,117.37102566433198,122.36176515833078,168.40873810691588,111.53298439949582,96.6528624524486,108.06629581466285,111.32876928294674,138.35641550628804,140.2128242491415,81.21411477792972,128.28473167769792,107.43272137477172,120.24684927428524,165.31061982529718,156.15847126834944,178.73258657142486,112.953210218631,124.4431279620853,96.24863819532999,112.84351529095152,177.07520094748534,153.97207994972064,152.543025233434,190.55548671144288,162.1635401620693,226.58670997903397,162.26017386262842,110.73525121880392,102.35126905082414,148.57366316789836,114.4125782528637,127.84819192612093,143.41945636663158,208.24564732925853,116.96729080899124,152.38284512306518,108.06974340049436,229.55079292452479,98.72153448700433,222.38823762268987,146.85779436339254,274.0660972709599,110.94005677997836,117.62593343677825,133.28539865835498,197.09331598603558,170.69994110704124,99.99828313047358,182.34623092135806,1026.228736270388,94.40686553681954,136.98771518669233,155.27894640197076,114.23063854906292,126.40412210151472
2018-01-01,132.35087943589363,100.01500917513636,228.31496345348725,160.84949570206288,154.68420936029023,128.47644699723472,150.65843001444986,132.09774050748536,105.46107011979353,41.29933600582062,101.62514236503948,178.011699885278,92.85447783248667,176.14292517824188,109.30244999172616,131.77237087859737,98.51900350279898,76.50418925165903,12.119815567002389,90.74718813223942,87.589168350443,73.17357425574413,79.49431226384756,80.97747234511591,60.089740197543414,94.10488748698738,111.38693289774872,89.90669425191085,108.37065014745768,128.75628781873093,117.2185378345594,163.95779518109606,103.27873499122342,94.68868886858489,84.4033100788771,109.56615846591815,142.9475508872355,133.63204424255736,94.60960545104987,116.66209926084208,118.01632668301485,120.58180244280648,174.1940891468843,166.3321764248312,168.70693707136996,114.75965854331457,97.67772511848342,86.30514870145734,121.70706160322432,178.0141773059252,137.91419357306083,146.91032775084594,193.69571630611452,170.00155198183947,250.40119079154556,164.58849200512014,105.48521069930986,93.61402363561737,149.34488125586645,120.31926347858622,117.85896607513635,133.29602911252135,211.0234559865836,106.13898581526492,120.44776695666641,82.35654296664461,171.4001570279507,84.9312783407886,195.23837460208867,117.77065267310012,213.41034711153947,86.60434393977147,105.35409050746891,85.98781463619956,133.926872756558,113.82798841297628,61.01457650334925,193.11326460115123,1169.8769361064196,91.32660963628906,116.19952307500795,132.09883381365535,85.16429821559367,120.49879049928437
2018-02-01,121.85990797217029,90.02849050289417,198.43467765838335,141.8831147486552,152.46927686630266,113.39052689638916,123.56301311262486,129.40739806343848,106.30386713459885,79.74260597863345,108.16703197996641,152.5536246584237,89.72613200557777,153.60474128906054,112.66550049931645,180.88711449683166,79.92554882639865,72.87440264110502,13.1601230087346,76.80037282930697,99.76271790637696,60.570979429441536,83.28179909900854,80.35889396626261,58.57631571925084,122.32566779273326,105.71915457493132,94.29812911379933,105.50003856063287,113.61476947189855,107.0506013101529,149.70489834370565,93.48769621025433,74.26450443939403,95.17417778886853,102.17485386680791,123.03747785051902,111.61405792013682,86.6326257296036,84.51841978017842,107.02847406239093,106.6587671840515,150.15807093229478,156.40137805350298,129.28149872141688,105.64518440857236,84.15876777251185,80.36577976379418,113.04564258422045,168.28235240454686,135.55469459220197,147.22399080302148,171.53240332487752,156.44448425925984,241.5013242512384,152.31853744179406,105.72962570776954,94.86204995433461,143.71692951386967,121.45394219584195,105.02542387455516,115.04391716335421,162.5986747360799,97.61954103066219,142.94577335769273,76.84189589997169,265.39676746382594,79.13072162938477,207.75695873114395,146.35567275830184,355.9313531950649,88.03942254273336,96.22470480573345,141.85392533473612,234.2874586666084,168.98066582164628,97.1960546571761,166.49422731248563,1022.0690713119603,77.336425908402,99.04232928894605,114.19083739408018,58.35791658190943,116.47032626071218
2018-03-01,142.84648197917423,102.3113391117918,242.2277167078059,160.74391125656467,182.8056302097349,151.43573516688176,138.46346610716665,153.02674192087204,126.1268739114976,89.44688794433961,138.45787427671704,170.9986505006254,106.94403879435414,173.4454575595982,127.47016707169418,203.7692150519514,90.85380757521196,101.73236614819174,136.08829650943133,106.59012934641142,120.70192299158953,76.086957698332,109.66383577809167,107.72073650347998,68.71951425927577,162.04523480058202,118.45337586829685,110.62976308454512,112.17824849744392,129.78806570571436,119.77047612988432,157.66243603495397,110.40573466807422,77.3532399698189,126.82090080148052,113.6603717362343,142.27842658600716,119.51143836588093,95.04524733422896,106.5988513039017,114.34604044567796,126.52149777070301,178.7408610096798,181.05611072429002,141.33420948517252,126.88490604929278,121.06635071090048,103.07950978808967,131.04813113263216,192.51960078595232,148.56467624024543,156.13259078949832,211.7436899040864,171.6260456923006,273.213888623914,177.46544435055355,119.30892495392719,103.93253732823081,156.56179784616523,157.89924843558654,127.46848143453632,130.1142343057142,163.93256243682498,124.039254505783,162.8393657007803,82.0058752074589,286.3946602712177,103.66748283109379,265.7395822172991,175.11294622640577,411.31098332203084,108.01527080285732,121.7690575216901,176.31000010642956,302.99010787242037,221.07986818302118,114.1072740455476,201.94896892447582,1222.48915970027,95.60044746873076,140.79953268940432,169.58169775557644,93.54493537595454,137.8738446602618
2018-04-01,136.4425932681144,97.24649631607267,239.56939087698842,139.85394349307285,195.4546046315798,163.142185584832,132.91503155955832,162.22992816581996,123.30608621677716,85.10584910836197,154.4116609947736,142.34760206893537,105.16631807535643,147.96637216341506,103.14799907175457,147.75580966755263,81.74044979867091,109.58534964807154,290.52176212201823,106.86025037246073,110.80956604609598,72.37575233940514,110.85725555091086,109.63871172945612,70.07005327060449,159.99083145532182,111.83388852370857,100.41882472383027,106.88635072860853,124.30030463524261,110.44369430677337,154.86931396486995,99.35640408395227,73.44571229957289,104.60890509794925,102.04400723096849,139.20959516163177,131.504795983185,90.80103438308957,98.02477012751993,113.5554449949143,114.59617058124847,173.56463003404113,176.28571986093107,156.16992349020597,125.0182359745008,130.95971563981044,97.73528409976944,127.33523535604131,180.39748092788435,144.6921338637457,161.71565009980117,186.64468629603306,187.51798591330822,242.3127793628853,170.41398096072476,113.28061175309443,100.79437854807753,142.24956849779917,145.8874585049627,124.53274756986379,129.17704738556878,168.293073535332,119.91646183530574,153.9487370558042,81.01529216459554,272.73296399199154,101.32894156468437,230.94725564439264,162.09769932534726,359.2359063071422,106.25197982419058,117.21669142783367,163.5817900339505,278.4639855064998,204.33301090720525,107.15224978358633,186.91265023518233,1084.7517269551997,93.35057479964243,134.1717405657788,162.6933315729786,86.66194435875416,132.09178628946972
2018-05-01,144.40567193473868,101.39292936877831,252.46678653810625,148.1495077130589,202.05428823573519,175.86155133224023,153.11058718037717,171.15527256676805,128.8277279592264,111.96103681024435,151.7231197421591,130.87404914602985,116.39013219756775,161.53160495163124,95.93101314395348,94.04251258175694,96.83731561200774,118.37873292595246,323.2198224533041,112.51365739768433,111.38496017487041,84.756807004569,112.33577519694096,115.12756706925434,74.00244893672343,141.7856754899941,118.00464960744863,110.39554273506798,109.30538337022605,131.54041541555452,108.61757778054515,155.58085386385744,96.98923852958573,92.9543465456937,53.22717314986028,97.98666952921147,142.86665048113835,136.3130377908738,91.4145501879413,81.17431183233927,111.30725235801764,115.8365298165752,179.06219960642014,183.9871528388086,193.38148427437346,127.05514082166242,137.34597156398104,89.69845926777936,129.80809234442452,178.44513563403316,143.82194096035084,164.58342790633864,174.20081179201048,178.3333811158023,249.8101401445476,170.0771373576105,109.48592888006706,91.39207314923803,148.99718131695877,159.18160650169062,130.21777964027754,138.86472111013418,155.6753504331604,125.50532696368367,145.27908989236417,83.27893085830556,225.17310693255916,109.82757293742019,238.839456666482,168.4391231902292,371.91067840704306,109.52984410239749,125.0323473604289,170.4915267369818,283.5231692388032,213.26166366413167,114.61891359514644,191.45385060054642,1059.9160404056145,100.953083790199,145.19303984650819,178.08952384016033,96.17215988013778,135.86546669164358
2018-06-01,132.20344344813157,99.13595996176528,233.76173880812013,135.78078977721808,179.7151601528668,156.20067064584018,131.05316070097774,146.56813439041147,117.96501654299297,158.38722460542698,138.00840326481065,107.66750035074541,113.35251958743191,148.2514267966512,64.71907573496198,33.80640577142606,79.55424689822243,120.95976402778784,447.78663524274305,102.031634136186,95.81287205761089,84.05614104799558,93.49472409185783,93.16665226899843,69.72421461958972,120.50602886829623,110.758294518535,107.87189124706093,105.62654154539888,117.66519359743567,99.28844995611901,147.37506276448406,84.5134913381243,77.70041163932527,69.0381446446811,91.54976673190957,133.5014436289534,134.76622032436163,84.40355400058645,69.76495001614495,101.26519374049872,108.71868510315153,180.18405092198643,157.1405854924333,176.38008444454243,110.82873414059141,116.3744075829384,97.15851509840851,111.48971106717676,173.573295070163,132.22395164050386,135.99047278030372,189.56944003620046,176.00571712308908,251.283523616372,165.1775807566578,104.98826262066633,88.65325604439288,135.153909180942,155.30706314611243,122.05101055049299,130.92038908410254,138.44391618557182,117.89095707282395,135.76829317845744,97.79736590042856,199.3251303948105,100.71620986820693,184.15174384314287,130.32664892953784,229.7836874625148,96.01480076049866,121.78271649797816,149.62421284334732,237.1981592596542,188.4306439644637,105.58955076691696,132.68158380574988,520.1970135731316,92.29934960317493,123.68167936315386,146.96097415272058,83.44981714205598,123.72854065948313
2018-07-01,142.96544284912292,103.3672652270766,252.16471444597687,142.420718341142,257.1633008817165,162.98826688732265,108.02786357586159,153.67002207495744,125.33052771593375,174.61749046833935,158.5397370951079,126.20314148353971,128.49152885071808,163.52065550990193,60.2409737373598,2.097786288616276,88.14422954790977,115.29648964969286,372.6866217979155,99.55598152629678,99.59347695337114,83.20448175236663,93.12834972865372,92.92221345050501,75.55928765243065,112.93829678360372,114.43872361267883,114.577643779407,110.07902760903718,118.56332839538894,102.36116422022437,164.99968680815624,89.99214784791208,62.779879534285385,34.2037077967268,87.11385161849472,127.8346431778504,139.95177458179572,55.25596531711425,90.67370044331439,65.1280205616183,97.15640691031281,179.79877538708894,161.60557826356117,175.76018669022636,113.1653977276021,127.58293838862559,96.69994331982593,112.45543116217443,177.15896598409796,145.44692723630754,140.78482056943017,180.7665894102476,167.79659632539438,266.6307858237412,165.84593511412479,112.10555894273875,94.27502629823226,151.8703194730111,160.2571520520864,124.45613199281595,134.06094971380048,160.82014604439252,118.66121775461698,128.34409703970292,100.4634617315952,193.8066074348409,101.80159386409304,127.36684659886738,130.25651393031484,221.02294206839375,99.21043258215171,121.84448324860956,152.4302160661297,249.3729357923274,174.96562133930496,106.37212302889374,112.13854863282462,297.7213734169503,92.79932103379289,128.88608656342308,151.54252050196737,91.52408298546514,126.78055488105143
2018-08-01,150.16331743838091,108.44801204163468,257.18302482401845,145.52082294832724,252.27738098353555,144.65078887572545,120.48980550171042,160.89684177767347,130.6043153511312,191.08041940189645,130.33410089982502,144.09904963005343,149.29121057496772,180.95560051573491,64.64122074185579,0.0,95.66292074508137,102.7288805149471,232.01625109475907,102.78555071926058,98.4735220651818,79.43341501080066,102.57711976727015,101.57977066655185,74.02739172685675,137.5826008656688,117.98549463395324,116.38090105246523,110.61613460692648,126.19495758640322,111.6489710294033,159.97416253449472,98.0846074708241,71.59818343512812,73.89656917981156,105.3768155358712,130.19414077145842,143.87800928809173,59.08098154393729,117.08568706017233,65.61514698483391,97.42647536923603,189.49136867587058,158.138938722852,127.85426441267863,118.29636339925977,128.04502369668248,96.47293149354823,119.17727614896367,188.5682141039781,143.06794947001808,139.4056693500861,210.0189236920307,191.889391105752,281.8877911795735,174.37786444493744,119.08406331920983,104.39698595798474,152.41270003642964,158.1777751244026,129.72992679250933,142.43243287277883,173.90466016271503,122.33755640725443,148.89416410941772,125.2336606373044,205.88881270473078,104.36754463658089,178.9041567660028,141.6308218015535,231.80754674168756,114.23930588738004,125.34166260980963,181.5508169871942,302.3803479608674,158.80630656475358,130.83313438099145,124.28590376159354,421.2774900296094,93.33698438548366,136.11674845573128,166.17524090416995,85.79219681391851,134.230175656126
2018-09-01,134.94465889897236,94.10714247289562,219.57840939292373,133.77473099244227,247.72188958281603,141.32107774063317,116.21897742490503,134.00004261956937,110.59075385795195,166.94447847076833,115.61028304560926,135.2888093739953,130.62684150495298,154.94489451438824,52.48630710349145,0.0,77.6747929420238,80.57535795757788,105.23095883475216,92.03808855207599,87.6024648062281,63.607753051324686,106.45722774552668,104.34399743974555,71.977307524424,152.59481910658712,105.5406518924266,105.2463721688816,105.93067200710207,105.36128199523345,103.81695821075876,138.80239113736238,91.99323956464114,85.50310519734377,75.1856864972775,100.05437675280136,138.92489888673663,139.55491447958534,83.00453352226592,120.00514920375613,102.63310480018843,115.45230475978083,191.00221012101696,142.36947613881927,145.05708291129497,110.02841818080486,127.79620853080569,97.02200116116757,108.22598656182198,182.48246317887723,129.595578839673,152.6710183470329,202.8842360928452,183.6786397859487,259.79202369080775,167.07956546214103,108.23117071496364,94.53636675230412,143.39411995603592,140.63546034471813,120.50238311202683,126.72463071158917,143.4234498307579,116.7924004929603,127.68559556929686,118.17902404748251,160.61577432646416,90.2428792607757,149.581078210392,110.23790240904714,177.53433183549544,82.43910818120794,114.98254859261664,140.18515784089686,227.49994880883446,118.8050110354401,104.1857802933438,115.94002473433014,408.87208906534516,85.41414029571645,111.62285032454147,138.30850940504052,56.23798679440364,122.79085973979828
2018-10-01,148.66527856073984,110.15077823966384,254.59257519802304,148.5398472853079,272.3993994298591,153.93800553116154,129.65561289801298,142.16800077192462,116.35804327262177,120.6550187045477,118.60221239160836,179.5883141689312,142.4865304507399,167.13933625899452,59.14631782100985,0.0,87.5309817658035,81.59808767906955,56.39654485560686,87.87886704211753,92.97151034376265,73.99644942062012,108.0202987718706,105.02393047808371,73.87861701172861,157.54565466051,116.5324553394559,109.83354348187821,113.628590258238,123.84874875003534,109.6125961340261,146.00649112411466,96.62959211915152,90.78233317861766,65.87703729651058,106.9688830849951,143.12693125535776,146.86238546385894,88.17654203348279,131.86486614836804,114.17082496630317,124.95648002571052,180.6766317869206,164.82204459533946,136.60118172257503,115.34588091424705,125.15402843601895,98.8116927025982,115.54183192602832,189.0756775230612,125.03952140953396,160.33029127221133,197.6201398610344,195.50881019744614,298.39902917975024,171.5157130323574,108.49313775182559,90.55976196678455,154.9159541856629,150.55325636238197,127.70112869026985,141.12980618124084,176.11569260167695,119.76733128391554,131.28477519771582,138.64068160929756,143.20738664525285,102.44780630404232,127.87398154852889,131.0964212938824,199.43244261894762,107.38283871606531,125.54349003324188,160.3106387205686,240.63624387599535,140.25326348090002,127.24400100228654,133.29038841743136,456.3268240558734,99.62738561068572,115.44176437049984,126.79141006269282,82.9160500056747,130.95087535592174
2018-11-01,134.35487702724652,102.04075692620414,248.71187102266973,148.2234408619191,235.41800652358495,147.5546017802909,113.85216161609479,127.87735088298935,110.27536821021216,99.72431138330171,103.51955486843808,165.8000662531127,121.8306541273783,139.38149745881657,60.0021514404971,0.0,88.79753494614856,70.15147649126534,10.939550661860132,78.76915343396944,82.10261953496716,67.92050158872324,89.2611298185291,84.46701131149001,61.959373960679024,139.0534163515377,110.64828677748349,110.36113992552292,107.57715585516269,113.81282857649698,105.26715291633289,142.23281846221684,89.74511588021097,83.37360030995103,66.18999319570787,105.48344799512638,140.28183605509227,153.4760779326698,85.66653188429247,110.27653615784395,113.93228242959646,115.54528092296373,178.62102848874957,148.2724827264016,181.21946173354192,109.86161322102481,117.74881516587679,90.0319396044295,110.85100908656113,178.75835006123944,128.41593509662775,147.44493864654706,188.0135240039878,177.3118911565408,273.96462492224276,164.08336134525945,101.80805352993417,85.19412689346069,142.31640181861604,143.24937633436687,125.39977263059299,143.74874286870343,179.95260051162154,115.36303200838374,115.47212086150871,109.91646773194245,124.35593480055903,95.32423453743468,146.412412094013,121.18746185974243,192.24450925677587,95.20714024937813,118.45142748053522,149.98157138078756,227.19970925431068,140.20599563144228,116.94324831755473,114.4735533240425,408.60945223388245,83.82221960994461,110.55618080113516,121.648559084039,82.0968001302789,121.7206486951649
2018-12-01,125.32917208798432,100.04262015054597,239.26768408384288,147.49027626407178,209.77873576680182,114.31843585878043,113.72242770154826,121.57720216854572,101.2007362249087,65.48326583868263,98.74921588873947,154.90625169290976,118.2813855060064,149.5066559946758,46.13023595379043,0.0,68.26840606278849,55.670799348338996,16.39712661392525,51.04821775149205,68.64478095787271,55.27216895100589,90.13320843328735,92.76725770118324,65.08132005836276,105.93996969152481,93.66393919986443,93.62976687624622,92.7201739721647,94.60003461102208,113.15408876149468,156.27718902696105,98.2668759515495,102.31890016861074,65.36547852463109,107.60474432448572,123.03707656706496,131.3386414079777,88.13631340473164,135.89824551982872,102.45983795444846,90.29694892717441,152.05933215499553,121.12497956786228,113.24751736683902,92.88954640562572,103.60189573459715,69.73240087712641,93.75268533798216,149.29602719652482,130.90452477066432,117.04735705113193,165.39987991810128,135.70270744912108,195.69785707962805,140.33707501447034,87.11144214603738,69.81480717360259,147.20694701063493,112.49899820227472,110.37627214054775,132.74357849401946,147.18928590516944,100.19899844310892,108.97332970364764,117.27133648923595,122.0523668406254,75.99146146819017,106.56214140072424,100.00469787450689,112.59726915355408,93.56872586114775,103.7277590781185,98.99513438901823,136.06069805129616,99.55044349105232,82.44581670414175,81.32228400576021,243.68594970818802,64.40268011200084,94.12900473050475,96.831106429415,78.19075821322305,107.65050820288421
2019-01-01,129.09821247871486,100.91706055625858,259.4018593463279,147.13742604123001,173.36670192184238,120.95625150788992,137.93577721812576,123.49513301441866,108.85574079673496,42.90210206915358,111.46208414942622,150.51001908969076,112.2274250347901,168.0183336113683,115.72098840376614,142.04617879084893,103.08737552728326,53.52610869134269,15.116717901002803,44.22271408064404,69.29945861933629,53.00366629533691,72.00916382162798,69.39968313846914,64.58141124969531,91.10120536509544,103.93005257805021,89.8521480338712,100.91097897494231,116.32210814535566,111.5081799308125,155.9544444116583,93.61628911034032,115.5578716254934,51.87940252425288,106.85891394010616,132.1116065124062,132.21478180610234,87.26027323109086,114.99805080410869,106.0096373357193,110.8959961935169,179.67410353586337,141.79414836342823,106.00986780239931,98.85195007200586,103.04502369668246,82.95191418381232,100.06007749264589,144.83613201010496,109.85656034186603,97.33898964033416,161.78207293975998,145.96008556709882,227.25566866626374,137.28515317908864,89.42931416550904,72.21123695655147,148.8184813987395,115.13095034153206,112.43607023742975,129.6579251089312,179.70025128684185,101.90263347362392,66.28360865401086,91.17290859658763,11.403187049375308,73.124049359556,85.85139453715345,87.41296516326132,90.78912902407475,78.1891314739133,105.63595635315578,69.93382490146921,83.78053275456203,74.11822192029916,63.228104897365725,78.95242617505303,236.25296310622113,62.56044114788056,99.03113924865038,117.03974650903788,61.26267658407234,107.03848029567483
2019-02-01,121.42717088361483,88.8986069835276,219.9535214702632,137.4471408051255,180.56884709890753,115.08195732029947,120.91769415659364,136.46139375997345,109.98277290576951,74.4379853462189,114.45383271156487,140.15428279644763,99.30693746874833,136.56546658474358,124.5254433857083,212.43788924409745,82.335746305887,66.2192258467196,18.15552766199913,71.55403680232155,85.58621976623203,57.11245609979563,79.8474543978226,75.00265822529914,61.23510739114427,120.49051648814135,101.83935179022723,92.86547882099684,99.47091341684221,110.16811707507576,97.8683610280293,144.18177937747402,84.90124178339626,87.6724305595003,67.091485335123,87.45490882006952,120.75448165022195,126.30523865192187,73.72192166553461,91.0767722905753,104.44380045123502,106.76062038135932,159.00537959349057,140.2643977175701,110.15790129399193,99.5779599581626,93.99289099526065,74.3474576274359,103.8771723632223,160.53461943845193,117.1215514323488,114.63000063673157,177.912829495696,158.67279669389276,252.24441439367516,149.4520808077338,69.70593223424099,46.81756376872069,135.83749515302884,116.56883682624996,102.65395863155706,120.03004844822391,169.00477524549763,92.1312387819143,98.7711120397778,87.60157014443907,109.59120676615325,76.4186582224061,147.278695263116,106.5938951694057,179.99431407687072,80.28977099980483,102.54325275979487,126.30380385256267,202.2850152011913,116.33443743617539,93.84081600681617,96.37762508567107,312.6784322019536,73.83733589920178,99.5456605714217,121.30905646259077,56.02726033716786,106.67393616491127
2019-03-01,130.64714488314834,91.41515227514843,233.19031848011082,132.37493801972903,210.37252808734274,146.065841486019,127.12078235574008,156.8977369283875,120.91631835343335,82.82553178706583,141.56866800330582,132.5293508062893,109.46109020494113,136.46234336625943,121.71241968409404,204.76549837043493,81.85476133879484,81.9397965596496,125.6632604055664,90.31404115510956,98.15215984082343,54.85848244027788,92.94078951532524,90.56449603748612,62.7662437810482,135.5561992259238,108.59494981990727,97.03935502477172,104.11694318168311,120.70163192267172,112.23820892172266,156.8668021463925,96.15847782916634,113.49710619359539,85.71215023381035,104.5795436081062,133.10582985142975,134.02037806217817,79.71703023550107,102.89875526671143,96.07420555466348,105.62346935617386,175.4128905397164,153.2888966033524,159.76628883415714,105.81304920634695,102.53554502369668,87.1953860220157,108.82122731787744,170.61630338197847,128.48846542736612,135.4318611506813,186.59153686442338,189.25742787441956,244.14701786271775,162.12144925649554,101.0022146976753,83.01476328862478,149.72516050330825,141.04900382833213,115.42589579414081,125.29624387462262,182.6502440369448,107.40164134913645,119.58140914834325,97.89722653617497,160.3059615129674,77.97107094454819,171.4249763822539,118.82439120515022,207.5444463690288,88.2123791547024,111.21278229680505,122.80126978388257,183.41598189579517,112.07343947431487,97.26874766082035,93.39863685339537,289.4109775676692,72.97256955055222,101.01195807791628,114.48129294933315,63.24500016671423,118.41802463310192
2019-04-01,134.42458181488936,95.18479095161494,247.20841737494683,129.46728455241808,191.53064563890936,186.28479838130266,123.51438330582182,153.99047256071938,132.44094146121137,79.69408336494418,151.27774270052956,116.13220013389157,114.14016199252104,137.1085844984679,84.95337877598296,117.41396233320329,69.37535482338615,90.11803863275419,181.54325159621433,91.67685105637133,101.49670307350156,60.724488248164,91.47711290279021,87.08998475932181,62.175260396555046,141.6956727503361,108.55309225725138,102.004237868095,102.03890737007188,119.26146611113504,101.30046984937597,147.99474338369026,88.15966805239286,113.53175992261657,58.1644871749168,87.99983950172046,137.00099875812094,149.2965238104547,86.43668983952695,92.22327687162978,107.30686667614317,96.19764095521849,174.8590138604464,157.98998569931692,189.58230871198995,108.43415362973133,125.93601895734596,88.80839133612564,107.52620220896672,167.22750648310353,128.83964511117694,136.48752661441563,175.78512535446947,179.96950271681402,245.14676402688227,156.38640485958484,107.99154235610483,92.03038412861936,147.76775790542789,146.95311378613707,116.25908819649636,125.50575880961962,153.036087418332,110.55765817762695,118.07272429190947,91.56733899799092,159.63442695827408,78.4554230263081,180.70262671855903,122.53617876964559,205.0389218913749,94.41943757250017,114.65386192060815,126.63886317696237,189.76101463712365,128.55738891567745,98.32758151869207,96.42461365204421,339.7420296871342,71.06897584997641,105.58451468976443,122.05634069225982,64.81626093303117,120.37257298567563
2019-05-01,142.717594025304,104.80011042495315,269.7045696036581,131.34467226827098,223.6149121268998,189.05978505510427,140.28303961125584,164.35847015543263,139.42442073372533,91.49703322658428,162.6891639960094,108.4638853031899,131.80067289063408,142.06966728654157,82.31021535633923,71.95095552742376,87.28168475280124,95.16759320219458,149.73236207693242,96.9468313260431,106.86084401658974,73.0515227988445,98.27641421475816,98.12166422210888,67.72831105736611,131.8554958510226,113.601119375644,104.40281572045461,104.75716052301061,128.34602639992985,111.72279504087436,148.76038220258096,100.57408575207096,112.95267752518387,73.26066948654719,103.4175370866582,139.42235615836037,143.1726180787681,89.49674920084098,119.45379154944526,89.24379740131253,103.76012802978339,172.67143904617961,162.4230794000785,193.9335320429085,110.86030188390767,128.7440758293839,93.21391039939003,109.62601892150248,170.237565978098,135.7388458031161,123.10573999382308,181.29712435032255,176.20596127258943,263.83487708220207,158.63932229127087,113.09442032293096,99.1331152062331,145.3629388511238,149.67488019313816,123.36120025182343,133.09180323532962,161.46369453617544,117.40291346791075,122.79438987625326,100.57916593573788,150.62710250020066,86.45462495329903,194.15195475375236,136.34543246795715,245.33884462620512,101.7011452548559,120.18834503175339,132.33303448494706,195.1648840535383,144.17370870526523,102.8451191184026,104.58567071662527,345.94812387625575,79.43375581855005,112.78262826485957,128.22816185945354,74.6959499591392,126.47961261497032
2019-06-01,133.64666936246317,96.69979502145408,237.6156845890808,111.81199561995969,189.05527136883268,198.43716975498023,128.57274110125675,142.700155355146,129.87013509616528,119.06961950657661,138.36495478703407,95.35082619717647,115.54070427947943,139.42340680257573,64.38234920120327,60.52160056062218,66.23514506027679,98.94776387906182,289.19942693829165,94.85561995310191,94.25600492638759,65.49916070402776,80.49304682399698,76.73828029189623,64.0101728026281,114.20985810407677,106.70505307514536,104.3934097000504,102.61037406151684,112.22189320468229,102.05208189747209,134.1313300242031,94.38716109045083,97.58199605415825,57.914427114251666,93.78261860061806,119.41783298080908,138.37062714327712,66.93801966060389,109.39143129239737,62.89755685312911,76.00514350139713,167.04969780697536,129.940491555956,146.09174097939388,103.60364092473051,121.37440758293837,79.94825970529044,103.15636895804323,159.5769803270635,127.73126294265744,128.10163526537352,173.46247600560596,167.61579034568777,220.01094500146596,152.5863103817458,100.04476741147381,87.1707342192224,138.29876149530892,125.35661535299329,107.36160801056036,118.86918556734474,121.58576102148953,102.4523951905179,122.72184363535678,107.74667450821711,160.5382404673437,75.17801146841751,167.90051933422725,119.95521623041624,208.63646076494567,90.74892913868962,109.14852116707833,106.70280408380624,158.98173208619028,136.63814680136656,79.52471556051601,89.1770795263884,279.84137724331646,69.30832145113884,105.6823530848344,119.57801319399391,74.04617265504498,114.85187278421947
2019-07-01,149.35142869627148,113.70940933130154,278.55742958588456,137.8759460727653,246.78791107435728,209.54277098751967,106.05714846196781,151.92010028606256,141.36105043626142,165.51836391060914,150.81497468676727,113.9582437361165,134.14784817370102,162.7501651076359,61.20614046943552,6.517965287267405,87.45131568046851,117.4306444011098,408.5895753107892,108.62100096611012,107.73102094186058,69.68158764087552,85.96304848476986,82.10268617989361,69.42613887956806,120.18674977537059,111.6445632987643,109.33704051653267,108.77299915968524,115.9752510816068,107.16503703272446,159.98698700201717,96.45721563051185,95.46692886934372,77.07844465351583,90.41057358085742,121.61542330059011,153.16072067508054,39.05208983000046,125.55108769609097,51.83159642710821,92.83156020924089,180.04105175923613,138.85582764895668,131.09512488213787,111.90391177005749,133.45971563981044,89.4284429198575,110.56970775125956,169.198059527924,137.88406650356438,116.1092571935759,185.74901284204753,176.96380884093298,254.05810648130435,163.4102612701828,107.1196084608507,94.45066256675881,148.96545265754764,127.865864744377,114.94630550072793,131.2527466519968,155.72718375824945,106.56042497673583,129.7515081946258,95.18837328634177,192.42351833184864,84.0618189275122,185.24868474617165,142.38129651139798,277.6348546075898,101.39045702331663,117.736159775847,112.36332183905586,147.6915232637845,156.88963401338108,90.80004765323935,93.25667220134879,253.1333976223508,76.59622754920372,128.77262645085673,148.18978640196167,98.72818133152647,124.59825669196822
2019-08-01,151.0965112904712,109.03859935788125,267.57030010780596,125.8133940764752,262.2584669467899,197.56804826671006,125.57740469092127,143.78281025519266,137.4093273992921,165.31885505924305,141.4763675237314,127.66724427562136,150.00531175416424,158.18737687066803,56.543871245394264,3.333377179093207,82.07989864407509,104.2608889311598,340.4277559438009,107.4237769819392,102.67091131170993,54.912283708308536,90.56337062139912,87.88896461955208,65.82035206389779,128.59186598846384,110.99874553080906,115.26241759981515,106.1242793998952,112.8464263537912,110.12199781033559,156.40188321704943,99.39223855406021,131.5586199295811,72.98954556938284,92.71194308506826,124.32665848835246,148.28213142070288,43.06444419152118,132.40846027305375,63.12731405178651,97.93784533531061,175.17269891530682,126.12144752521402,165.52729761052018,108.58828345195398,124.77488151658768,88.01358254664338,108.05714522747465,184.05230405648086,148.3277187021467,139.59630778553066,200.20834449274193,197.9860145397274,267.9495375343767,169.30686299376393,108.10097060774758,95.60178874910963,138.0266256060266,139.8235513778739,114.33157915482629,132.2684163653821,150.35584211638306,105.719494231096,127.61840777167725,107.19432194702088,160.144427593583,86.17535424254271,191.60977111393143,137.88508163695377,267.3910320528678,96.48402815146002,119.23101402458424,131.3105211864484,204.87383578795658,140.18046571693745,97.44322074807606,98.65680528047007,321.2281181340623,75.46307880660132,114.29326084052781,130.59005247228023,76.68247218156803,125.65653337811524
2019-09-01,136.2683798181795,110.69642375318926,247.4736864979677,121.0606386804527,229.1860100575281,143.90556201517413,113.35259276302119,136.75610305898493,126.1975461146699,162.8522397227886,124.28178444216697,132.3303385817929,131.1005270586682,134.8541800448121,58.16564439587086,0.0,86.07967742672668,99.42091039562497,289.0528062424373,104.06087412234749,98.98151666413875,58.005342716948974,87.80530024162698,81.87295873271763,65.69168028460476,136.84244160701752,109.82928781890742,115.98727929592202,104.3756833546163,110.96286913874914,101.54248651094704,140.5898301396086,91.1043358130812,111.12096811438528,64.86098009705803,89.90420697987643,121.79565488143237,141.3427308547574,38.89861373612743,119.95334494479984,56.47403392374889,107.23498797943307,176.57284001233782,122.93473581047209,168.88774722598504,105.79092105560198,125.20142180094787,86.18756026886325,104.50862306712894,174.96101707300383,131.25973246173885,146.96562477282265,185.26126607254642,187.78050984239775,253.41775846980673,162.13615147520588,98.8724184123633,83.37426459284296,142.4325152140035,131.81176514031537,109.06020871304055,124.72280763966745,155.43233862176757,100.50633165171413,116.38497427978736,96.10140765553001,157.2519254392121,81.34116116523143,153.36547457944775,113.2852214143105,190.12029948686998,80.23363295634744,121.71756625450989,117.65049796772288,171.45113977010672,137.72972581941593,91.09297110625396,92.91921998433409,269.43083488504175,74.52528564041941,95.87561628288596,111.75236269240982,51.129245757251596,116.66765831856684
2019-10-01,149.4223891940168,119.65421110462624,272.2082806774226,139.0520057900555,235.0968361387259,178.91881240295154,118.43559506632995,154.8197655293799,131.15255422576348,145.08065192500462,132.45849083148596,150.7473581345533,154.18965765274814,149.2451931744439,62.64940306386225,0.0,92.71521811072857,94.27240989384812,171.97371055627164,103.12152605880843,101.19441553442957,67.72436062070443,98.84964850428946,93.59698249548865,68.5271588644269,153.845648601367,116.44039089797178,110.00778852028188,111.53874050852427,125.51040604330151,113.95350261098075,158.815841241032,105.98892293874418,101.40135513627241,40.18516974306435,100.59132709788025,141.3206343797419,138.88189277427233,74.41485653261616,141.83462726791245,95.93379227371136,115.50970632246751,185.81459013441906,152.88623244902175,160.9651596133035,115.27403849734247,135.54502369668248,99.73297151372321,113.30707881339033,175.88896246133802,148.34295266565587,153.57605196383415,180.54228729634247,189.11062025272852,240.31747298297316,159.32366391080706,111.88747365677135,96.10020701716427,149.28172997520917,152.35514788356474,116.77533974611198,130.400525886272,176.41431178712435,107.99662442355555,133.0535987019758,121.72881234793942,174.4242162574685,86.5810966211395,157.7002422586654,123.06726755072043,201.2234996089104,93.25188016304124,122.90502340781185,134.11301781306338,208.52858920126587,142.88435322328314,99.87985162430736,98.19602188651092,269.2954194590293,80.36608425321333,111.58426096204096,123.58727920037578,76.69287842236325,128.577818197636
2019-11-01,132.22617897982343,109.77642096496876,254.3064427109099,129.71255371362045,180.4225474406952,133.63727050992588,104.71972990254432,136.89351969201655,112.95456609307966,82.32364735703743,106.37800459610558,153.3289013961825,138.6645156791348,159.28096176601855,56.10365898798301,0.0,83.02813315840245,77.82030618931536,43.83505283768108,106.07467753263772,90.14747225939853,59.892571810818524,83.37775572319748,80.47618285828501,58.616495179572645,122.39109857276483,108.74393913864824,102.95777229811544,106.83818659518028,114.48048619249974,109.08127090081264,145.16757009597757,102.27515614007248,97.72536830826162,29.7435417348,99.71882621229715,135.27247703218725,133.84963861109048,77.63772879319126,130.94654719976322,100.84065051754993,104.49877445747366,178.92976119820335,141.24719625989877,147.4314886096644,112.50631567501713,122.96208530805688,80.55194335500863,114.53938589036298,168.30640777136105,139.9160968919401,155.02325595121056,172.59366508023183,170.36690342619727,222.01489928325483,152.96359747354572,95.96063348636132,80.23301066312514,146.2324731938414,123.37705156519007,106.70787828646989,115.9192562301312,174.46029287667207,98.87169478975139,112.84308462897307,113.75298625022512,123.16196587494262,77.08463481476507,144.01837523900326,107.51535168519072,190.78945160575608,72.5089708208417,114.78208647831217,114.12115863032969,179.56496476357754,128.23039662679705,83.17366091417642,87.2564666407073,223.87142217933206,73.02008608304344,109.89006255473215,121.2229416301927,84.85389325279851,116.45044560950953
2019-12-01,134.60980174100263,113.5376610358918,265.0604676531547,144.2722395298007,179.5975175960811,125.61668348360871,109.35039256442329,127.90310107184968,108.62279866376943,65.69596575978991,106.29011045517312,168.2852203541268,143.13964396204463,172.85412873385874,44.40176816686776,0.0,65.71043647290195,61.347927875649724,27.84862481128496,67.66137460488764,72.07509713016513,55.998141344831524,84.24316278794593,88.14044913187075,60.148306052508715,93.65128400900032,101.51867409215006,96.62786108854024,101.49029551525389,104.83647757477053,115.36449566142679,162.41615277727078,105.81905036746939,108.56823089877132,42.48688662561359,101.61671278190003,121.37538788530081,130.05036321556162,89.05245501351561,128.68243729302966,102.70967001465104,84.37092124999921,141.980530167627,123.40324329322638,137.15541198803373,94.88913760296344,98.43601895734596,72.0554161340903,97.10577923424044,144.0367665362947,156.1451806315441,113.7326339301415,145.12346769661013,148.62138914237644,176.44511421865,135.63533913558342,87.96530189651979,73.5195980550612,141.91044806319266,105.44815675780502,92.82916789654361,102.05373527138792,154.4948020234573,85.41033879339646,118.94333199528498,121.07163447282578,146.33523826688224,70.84524459206631,130.83439326293163,95.98736878513809,160.98529524069306,64.53473736464943,111.14449229872704,82.7946384441588,104.54064901669553,97.70951160951202,71.16550321525875,78.14573833620685,157.8123340381836,69.84383632500112,97.02914267870537,104.15540591456859,74.58073092112596,109.1972208658441
2020-01-01,135.14458755144926,102.64771278236715,269.83894388682677,136.4985744767206,141.5539980107247,108.5920918840807,135.76655031041597,132.76140234705676,121.4705598196319,37.09135970704403,113.09401858553956,160.15550370779337,140.00469959838867,192.5014248376364,107.49832079298531,150.32703861438006,86.94456855052779,53.68555751010089,6.773514029642261,66.73104701807793,68.49906626245671,44.198946748343694,63.63829574158876,59.46772908492715,56.35856926651503,89.20356313538899,100.31885236439214,90.62796844049224,98.76035117170507,108.3463692776788,116.07244396174279,164.12467631144602,96.79589013459994,124.52182435086432,26.297848200737466,111.30291619712501,133.2320698445025,137.29025775127587,89.05230022816428,123.382467588388,110.97908870686798,96.65845962716459,171.32249301814343,146.14255907828087,123.6180046557561,98.07235395286044,92.04976303317535,79.33735960350755,101.62977021695659,133.42068368639494,128.86419571667702,93.37979877887213,140.02457601575935,158.97961757479402,184.3859698346767,128.16969429089704,85.85367065520624,74.72369674876398,140.5971570865839,86.26526121886837,89.89200219406,104.74415954660601,171.30256727531275,79.18605863263836,86.48383860988625,83.65574002804502,80.07391145484628,67.91204555837975,136.93330929823895,88.83680218306253,137.4259101981618,63.452674304005804,104.46721883083971,76.22305634213144,116.08021223018802,55.783474856049054,61.195595079873044,75.57896768731787,165.20373736333653,66.23934360684864,93.37430282023622,103.97563042883641,63.73851313811208,106.96676586826234
2020-02-01,128.5947259997465,89.75961542575615,229.06830816789832,123.3142997071869,167.61501016427985,123.20307793689929,121.94052862514692,148.7522572418559,114.68207126320802,71.54260873482956,111.54505825626063,142.4875825873715,129.00478748106536,162.51359224366487,108.89521576359849,187.08130353583968,71.37325483123296,61.23837725310526,15.275789817265265,79.54059182462488,78.73009405238498,46.5811628238721,70.66914616323498,65.32828232954765,55.407470186988256,109.8088981254623,102.02788212082739,96.22267820799885,102.8110378547432,105.17568146515782,105.4635089962156,144.82546497833798,88.25709335516457,111.52092449878197,35.17100472580562,103.19561378829209,123.89018090753201,138.33748950236168,78.85151720826025,92.50077072925691,97.11437824690093,89.4950526628493,163.21545727222102,137.7165006835783,145.45896850952698,94.62995114998468,104.38052242890994,67.79754067862989,96.14819409969381,138.3530779501744,128.68899346957718,128.56759849350433,135.6342794646362,150.82161207796025,169.8799711150224,133.00472917965703,77.37449578029513,63.320682301995326,128.12412094106116,96.09910668958129,89.44186103816196,99.50910131535142,159.70256149545557,81.14004037567886,108.67847857658433,91.97339114628053,151.6127894796558,60.4246604079091,150.23951435469917,96.52082768402111,184.6082494283898,64.16158880806567,93.47859140901926,108.4682236657461,158.1683697879739,122.21862116372823,84.56625841269702,76.83329950579063,204.7650416110361,63.50177984284818,84.63426828520802,94.37089039662347,50.03904067777256,105.96615315429496
2020-03-01,128.6580919307722,97.39035425109947,246.48546763488204,124.55689262671987,168.0190070524297,135.90053408223557,125.12044879772613,167.36337787247678,125.54470890851506,66.6655173075912,124.65740171986329,124.6690138072732,118.2999455338483,140.72929765533817,92.36511343364437,140.47637513214045,69.27623748020773,56.467679177743754,138.9623158336701,50.57991433358205,61.08579974688585,38.476728302001405,55.037513636578325,51.68679017802058,41.0818933179586,84.31401182175466,99.35155988554455,81.8552824905154,106.82647873750894,103.89028285160602,101.20360349271742,133.37464667423714,92.18017831479249,107.9474400894721,29.70074444225729,93.79842237519412,129.60172043850076,146.5592005682866,77.14872468666846,114.5650946789792,101.67928237568502,61.59597373898803,174.87306449670027,144.885497241466,137.8572115606113,84.8246502349567,75.93601895734598,49.952648428813724,90.99434098497137,101.33182092609687,112.34405987585879,84.35446925983685,99.39768774389137,114.64052066461066,112.81447582799375,103.8881378366414,72.16700868914126,58.11686121458622,132.44586964006328,81.43257506137117,76.25370913534822,84.26042349461528,166.12685936818457,67.29514089288965,91.75945058601037,78.14677587997029,120.49100666515872,56.165272137127154,132.471469587713,71.5605550525571,114.26788879321568,50.06441533451534,83.42622787695063,79.85505312114984,118.67871675866488,88.43467376425431,61.46829451101239,67.9701254449036,145.74667205527138,59.86518179769782,74.6125297014214,82.23220574388982,41.24924002357827,98.85080173419038
2020-04-01,133.769283706194,104.65712647583987,278.6430571899214,119.61577489792595,188.7032220067646,174.29280883219343,131.636961499328,160.45598001657555,133.39614604281726,51.43008486853599,159.7700845331446,102.39246580491202,128.90845705712542,134.60731615758507,34.952047626628996,107.78309898028982,0.0,39.16481501252022,265.7888217481674,6.07940401364026,9.65759694092679,34.06340602100072,19.93002340103209,19.90589059410333,30.090690110795162,9.082445776632824,99.98840295178331,76.05280205895865,99.84110121540529,116.2338512095182,66.42553176320907,49.869546280572905,62.76893457521495,100.14620124627433,4.468215896004376,77.95445405824843,121.95674853973888,111.76693625425031,73.78255529139284,125.22803850088083,87.35604768038144,16.61386958197579,177.39344129187103,153.31126855460016,76.7842813662046,66.51368989204246,2.8080568720379144,32.32281007339265,83.26618361333021,48.91747634924896,80.7629645017743,0.8777862790889553,77.85010229346832,86.7156008259799,29.227873473545472,46.315885773277586,37.239417996580066,27.601106996173876,80.59154601398579,41.612841727898804,44.164379847481875,26.46644525771631,178.7403951111727,40.87136833433125,65.22066966168535,45.544344981109745,145.91243833714663,36.17281067881969,11.091013263272975,30.69276727043205,4.992446569337727,21.711946080472813,73.89851900094217,14.478824246210547,0.0,80.28953592624889,12.254718095827636,15.855073604277885,0.0,17.507300190381446,46.33362851452013,34.60621736211215,38.2056175767174,80.36958317552667
2020-05-01,135.78331991993463,104.01945033079944,249.14035065192607,111.72930562430533,158.24026764075438,189.6329207424873,147.45980461362856,169.73644452052744,131.8343208962643,66.06661189727126,158.24346474880767,87.59448102534812,144.15172157201027,142.32523685347226,93.47771813308468,120.69698025181677,80.41503500201381,58.25419190672306,298.8107228761262,36.28615331845784,29.25406700179207,44.09048065622821,31.224234059840388,30.22728915634671,31.33313340856634,35.34270012857163,103.07732126970157,95.19149779459623,99.94374949954071,111.41436650854239,79.8832456382214,84.36335282525309,85.84512752029482,107.02158073616775,32.17262752622907,68.05997295040872,125.05695622089542,113.36883170135734,60.05946218817634,126.16438728627844,86.18335559490049,51.24121773449223,180.51970683478442,159.17146475225158,90.16043066581872,79.44100627964445,23.613744075829384,55.86960986475751,93.30807730927384,88.09535611448463,95.11606993236822,26.204388289753915,127.25336241308653,141.06170888769,98.37615486158829,83.175440230667,51.26737133344861,43.40490545997972,85.97954140132302,55.481350063185445,69.05918160547024,50.39550768703238,163.11637367609055,68.90363193531806,92.61268519307036,51.16706031399064,195.71979585851827,53.165148858703205,79.51163410597226,66.09600448817716,79.23297700400612,47.27938995268274,97.78119887399266,34.66704110443276,28.49245208383291,125.87766713267769,25.409136652475606,26.933470451291964,91.19084694307219,20.237333401235016,86.51583964434587,98.86503564044403,59.45729240343537,93.39727057897801
2020-06-01,140.70120790119668,108.76618950710386,255.20490354379675,123.75337795571188,181.9631155249662,172.46536964306645,144.52771440668374,160.51930602794357,129.94873767216404,130.70799521682957,131.7709839084747,102.1042255014412,149.27594322140095,154.28634871888795,124.00446935185676,97.44264381768969,136.75164481980707,85.65035376637552,388.17093267468067,67.16516736809379,55.914804934521435,57.43741082500147,50.209336371714194,45.89153307867894,29.73764642781912,90.61711448683423,105.9060445495474,111.41619268898452,103.04546386760674,104.96668385397425,90.12312933279803,97.41065616303854,96.01832169403274,109.76165897400911,39.603323718460395,77.89161240642257,128.9908324810402,114.25183390586706,55.96666706714928,124.57384896891139,77.76920824731928,98.6707571408045,186.27164009539737,149.63016640163923,123.19038814306404,97.51034100383228,68.37677725118483,71.32964829971861,106.51397567216222,137.26707464607378,136.80061520866047,124.72711576489822,151.31259428867466,162.54723038767077,140.9005197461831,119.86310336840327,61.971140820657986,57.05352114830785,80.46974389247303,67.78936819331683,89.22818390692613,71.99195913239727,161.68349965704192,90.08310237462024,120.03161052126887,73.05836751350448,218.71579015093943,61.514728327434845,162.84493781454148,101.0123245999497,190.92829768004086,63.38100065125799,108.47470779889615,72.87636767510368,99.96890990077142,137.7747127537143,52.29317623169024,48.4198231103185,238.85493701383973,28.57494783744919,108.8529860524809,129.1351663804737,74.8081685679426,107.68552518388508
2020-07-01,148.4514457539955,111.21722788940367,265.38288992829564,132.07645666436267,216.79521090984167,163.35815756971385,109.5320684627534,168.99280278787234,141.62871769209724,168.35437305193477,148.98022287889594,115.2818514467067,171.01485975194208,172.33708196466048,97.19070855038875,54.91164302707371,117.4806794393782,90.08802779247839,341.67500208684174,77.23325737385791,68.76039671668472,62.45570632720041,57.25923148424639,53.943580942666486,27.57846064361113,103.33364868237817,110.74784478911826,125.87981057854708,105.18715636705151,105.94769396091863,99.0207004703881,112.50579189536722,104.27347560548988,134.9010945106342,48.35720208747623,81.38811998049759,138.4474088351735,125.61826483613446,72.75299267792712,139.7060055475375,98.57194044448079,105.20924597526735,186.24032698352144,154.72576463580504,135.9945742311606,100.23836147887918,65.66350710900474,76.05442459115011,110.0468720559082,157.35953904450207,149.83639611695276,150.7381321371539,165.16387341672976,177.56872461532637,172.07917159381861,139.46242150169692,75.03282209637528,71.09081206651314,89.61877399414243,79.9372232800529,96.8194212319777,75.72275813939444,153.89350003401978,100.0565309840851,126.3164621006881,74.39033701930573,238.65643699410757,64.17201131371802,163.21951591106927,116.12216442212063,267.3864979242167,63.421687071966595,104.31197686695594,89.42904183212612,132.07129518585714,161.37893810470138,61.00582264998471,52.835810942438,257.1936219632307,31.540078303557046,121.39358663741463,140.3258588106549,92.8362278956763,116.43967841234647
2020-08-01,144.03787808419085,106.68505213370662,243.5244565402308,126.82346704965313,196.90680442558522,164.21836999599734,129.17966043287464,147.3176375345278,128.09285058363113,168.42849988625437,108.7067794342522,120.41553969648308,161.6341455248343,171.4731573960872,61.09143575116575,2.2681960449162237,89.32105261858864,84.86349820560908,212.0244132757508,82.3430338245922,72.56757721825603,70.12260518160828,61.12260730864721,57.54029579329348,27.339757011347178,112.75081151433484,108.39117117781288,117.08594122926681,105.95924512198161,104.89459284072146,96.11555681991574,111.82036760460092,100.53503167420543,121.97902844656451,45.9738150999487,79.56201988291558,138.23028260317162,137.49179834159165,86.40729687133329,129.39113007166992,119.55131476054355,122.36322999069114,182.58104311628895,144.98809514925216,111.31877889985981,104.71116812751701,81.56398104265404,79.87294904531468,112.37870860876188,171.09603180717409,151.9880057973588,172.99580139946525,178.99845940200493,199.07524435056422,185.1431893026293,154.21765758229697,80.5930630902855,76.19356998646883,91.19004945856645,91.69576535313251,101.28824610119862,83.87490236503938,194.5248362062246,100.76328178596695,134.08557286528654,81.82517135825037,247.8004878979804,64.81176079848014,180.23472599835944,97.66380800593755,144.52809248633548,72.37323182207126,114.59441905018703,108.86441925548857,160.62590187925636,173.6023425664024,77.33659454932122,57.00652329547893,275.7318091253937,34.2135838666907,117.04706770801938,144.22178836477636,70.47747090485203,116.62865541586974
2020-09-01,145.26513332768457,112.30860740289326,259.8322217038337,132.58383974218611,232.72497944817573,145.57723486558677,119.77649909120112,147.12684939135417,127.14616046613904,158.31944515559516,113.48971990773795,138.32146929765733,163.48919743495148,167.86716701576805,62.73077257556346,0.0,92.83563732712959,80.61430598466445,129.71166720309094,89.74783687449408,82.06528829348078,64.47576977286879,66.6773069631229,65.39237998224557,30.594081213642106,111.02347383852427,117.93702252378742,130.57706014479368,113.59353273360499,113.63568692899801,81.672943846705,103.48471433658032,76.61334453696938,113.22390203514641,42.9022305368571,71.08771666937709,141.7377104148464,136.90994733536274,77.57360088966836,140.87952860376566,102.395379242328,137.19959206960328,189.97232973085244,154.00302349499478,123.42247074773498,112.384546052193,92.38151658767772,84.24010554357822,119.86103237880026,184.07789850686325,151.51663343190666,179.68696032890074,199.01257821912628,202.7513479720234,210.81039436544106,167.7677160609274,82.81742368873725,77.83852919525992,96.96065122490702,93.25157917804786,103.83194075108943,86.12838221963258,202.82182988396406,103.00718333744777,142.3704211322095,90.2073484524202,255.90906900034784,67.43057545043112,197.24709552392378,125.41297801766542,267.8010835625886,74.17810706380263,118.03299984570197,128.86437560729536,204.40226536414065,177.27295302394805,88.91636783912507,64.9062956913873,342.2298160554038,36.006947461705714,111.07854887857188,133.9920437746907,63.26017785973257,120.98271248501307
2020-10-01,146.05757921304874,113.497946632728,259.65848658271585,135.69681698615378,235.45823377038806,142.17114111418766,128.74864153617227,140.92064738073623,123.23155339874789,116.19257847768978,122.7692192381281,160.86459732045586,163.1957962783299,165.14462228166727,54.1744456802872,0.0,80.17307909790635,82.72380393484559,52.963384445772476,102.46363271236486,85.81304497445832,76.10712818463735,75.17432543919469,73.96848329215264,33.98867850680421,124.68333672112094,116.42640319095658,125.00476186527533,108.27751176387596,118.53938312624746,89.31780293640611,111.4672677357363,83.03733494780037,129.0290927877371,47.624031085850326,78.83725327540382,140.32913712700872,140.58775172658005,76.9283914112302,144.1939806711089,95.72437487484035,141.00808905467164,189.5308194904658,168.01228679071383,86.06218887067544,118.98921893550937,100.78199052132702,93.52044726719195,125.77552836599982,186.66826616393138,158.15101440747696,165.9630533555905,211.03048976945396,220.9734780968791,216.8773505737157,166.31698691545157,99.40221002900589,96.46169205864264,101.30029608245606,111.95970332913723,101.79164210496367,86.8491443066805,181.13512956724452,101.38714510723626,167.2880008023674,106.46566739397187,314.59770086539027,69.19852183253514,217.73003943811244,128.19841789713377,290.68221044168064,73.82729935292052,110.37070751219758,122.23085143519442,181.99643179123208,196.3916186780205,85.90510265714164,69.77347410798798,383.3011998295065,37.10135558954037,120.94524213666953,134.34786526172454,94.48023237137309,124.93316804669956
2020-11-01,138.41444969538819,112.76626337548963,253.05327238389833,137.92455312085025,174.42015998117625,135.52420761085233,109.47172070877362,125.58003077766668,107.77523012353421,97.55086079865622,109.3735943466811,167.7268356322533,152.726915762917,186.81830747370884,55.056281297443405,0.0,81.47811278672067,76.18492656078759,10.517278654180759,104.25220925457945,80.33294230461085,71.83390791703621,67.12162498664011,66.39576957320538,32.922014291596746,107.06243962671127,114.62386501311047,113.97281123468835,115.19323218071577,114.51099798426803,91.6220461509239,122.66863796788579,86.49867442826326,103.0236920183579,86.88047540147647,77.24701712464132,139.45747352272875,142.32067694073774,80.10768223248547,146.4250220305328,103.11029157816466,137.2558656479062,189.46330757585437,149.35204957038684,91.30129433061501,119.0858107166454,106.54028436018956,87.30514053453373,125.57371225817836,194.0172376273469,149.24750599377685,176.6129362499392,216.9897498666867,191.6776650933835,240.64854727941116,178.87618743674733,97.30455381851621,95.2635076314407,103.28738011274993,101.39868267258669,101.58558684981567,88.46264816683254,180.91513641303686,100.56169561255405,145.92901088136375,109.74317725851928,223.6664315559042,68.81574774796475,224.5793102127728,139.34241284640464,344.750602758047,75.93398622263446,104.56975267074385,131.5046187493892,207.2234801181864,177.3410373979147,91.81464226553025,74.71539656990724,436.2588321499029,37.0396537001097,110.78231209045292,116.0221104412475,92.6855605863833,121.63746716478748
2020-12-01,127.76929107064245,108.09029325158528,255.6122682077044,148.30695141947393,170.72140095324264,37.596787545714214,127.47865816656176,115.91739542677092,103.97944342767012,60.51777709554504,103.16130756746064,168.51920843646926,134.95242119031343,205.254708479216,47.81882978945429,0.0,70.76736595893334,66.08307441906088,19.293751879745656,78.84073247280406,71.56235812708341,64.59293814478826,82.13099403688773,90.5018348582079,35.99795679053949,96.28231196477,103.26207725994266,97.99917780275447,103.64357123469921,106.43364865514707,99.79314476142987,140.1950408048971,92.35263832062483,119.14011827214044,56.30592965384908,82.69058772250384,130.99954834394134,136.8342846832877,86.0790115803603,134.83161564868678,102.07140733083264,133.26151068095925,174.59187852362786,137.290550557586,78.19015243149089,107.04203667813886,98.021327014218,81.94998863357775,111.99233135101711,182.2061647481625,164.66627406973848,166.16957249701161,191.3235631545243,196.16334973709942,215.1249680905302,171.14937938852574,96.67742507011646,95.13266621791074,104.20363809449583,96.80566839791332,91.97090822488188,79.5209841026708,180.51693291054042,90.07880128035303,159.91433261453156,126.31544268725109,264.4028492747528,62.05934116378793,208.32379514348105,121.60613373277037,245.40842663271866,83.26429413539984,100.93469183012667,116.34413764325313,187.4411246171919,134.041337508723,82.41156160282948,69.33841558701177,371.0102772038523,37.901773759741104,102.88522893519989,98.99337738763745,99.25063370224765,115.30456533083364
2021-01-01,137.57433212438934,91.65878075697958,230.06143572327016,142.044850821726,159.4330272161357,149.36170295048973,143.68790244009372,129.77810003806147,113.06703843024201,39.2270251849896,105.7004198131139,166.05801226153585,120.66163253602231,201.7028041939377,87.7177847100678,119.28472379628465,72.5686259671755,55.6758219020745,8.469925759305214,84.43626843806247,55.342357048578265,50.91210327822943,56.7787545244055,58.0164027873125,33.37881143496703,76.73825878764531,104.2275529824085,101.28308374553076,102.05758011817528,108.30795427225617,106.59139381888794,149.37560844005026,102.3885357241676,119.46234140512877,38.86284314014207,86.17168334892122,131.48426372588634,132.76104736706807,77.02828440398896,119.07777971684001,91.48713174300352,107.49257839634379,185.1962955780739,157.8278280134638,85.430348063155,112.07163743881951,106.56398104265404,75.21558543013325,117.83585217834982,175.4138242066575,145.57911450479875,170.95990111803334,174.39844325250857,177.96530680196082,220.41710737815893,169.95447191925342,99.20732304046118,99.5822044284669,107.91290905339459,88.74162921422915,93.03168179402614,83.47989505436747,202.3411291662993,88.7124518437927,108.64832916851773,76.8613607484869,165.10161549287469,58.58620175824751,174.3969950178339,95.07498479011662,184.30985074463726,60.45674383777768,96.21411832822022,88.4194857544925,138.03655798148705,98.00300865451327,65.10277649501319,60.84122042429261,370.96023606709315,28.524316997048217,87.00203501839226,78.46023275702694,81.09842118104844,111.77271865397569
2021-02-01,130.0444462580827,90.92291694788143,217.66768098734403,129.32634753402078,168.14060188899043,134.15704532159046,122.81488933144007,143.51248570480067,115.36378105210981,63.50579912734283,121.12521021121177,144.82268399097993,117.33602418044269,173.1700928895885,106.5851328609818,169.55609779204852,76.36499839281723,67.01837638169499,16.58743963814362,99.2474632934609,76.95611909202448,52.469833323631185,64.28532182668576,64.4242595577311,37.293655014912815,92.78382259121553,97.64409794862908,87.00572254259905,100.07323098986443,102.45095988224678,94.29276809291824,142.02815497372112,89.46624418161633,82.7877054287967,59.01341174027132,74.00081448480147,119.66761472864567,125.88354879778012,50.610457601841304,88.29716456425578,57.651097161326895,109.79485728961728,172.79386613644112,150.8602795535843,140.9495801711259,98.27669363811813,63.08890995260663,70.39230952830061,108.67561471979212,158.21662298176796,130.77651841377178,157.09588149300905,156.76741447362636,170.84031668002882,196.982076911815,150.5774816730755,90.92442736265305,85.7303729072451,96.10321330818482,111.29650060664105,91.98280600443759,77.05527653827076,179.92713305542105,90.97711480154086,124.99066410349191,69.78043566170535,223.40333337804384,63.509363601646015,199.41477749524356,111.7035464142123,265.1745707454325,61.09904006511248,93.1402007252968,100.83667783780032,146.92141798575562,158.20851653451422,72.80157656457759,60.11556420321858,320.78327792316713,32.951885402589944,83.60785214854927,86.53090872959359,58.43047997267038,107.75378473233188
2021-03-01,150.5219234522121,106.75956812399028,273.52939938285436,147.03811390310364,205.36223433762578,166.73096734796385,136.51339389872928,180.91729140225638,137.2019688598778,86.40381841940933,165.91438766736061,151.45450249157267,131.72396794586905,184.99872818111066,127.84312163849263,178.0115785992368,103.76698564353589,86.16107749605183,54.783578363824454,112.56702842889146,96.51873189454096,70.3073686943528,88.7199654579676,86.7292004333721,44.858959177914734,144.4471875277818,113.0600676204731,104.19975421758157,110.0946247845416,121.89004437801066,107.05067642501527,151.55486699459937,101.90460584084855,86.03177926877827,49.19114481052603,91.32075505925577,146.75718824489536,149.41296708934811,84.19718960885356,121.8971921512448,101.06733028585968,120.38297399511264,195.1944958992283,182.6449988723927,142.98115416374378,122.23709571297506,117.95023696682465,107.47041797887077,124.95145748362985,186.81965859181085,154.20355396202584,189.97074429252854,186.42575668785022,190.93391005129337,224.84239933210677,178.7750485533024,103.06839461537588,93.73362339768298,113.4617862118156,138.60513987551008,111.2409956227771,94.29592954652468,211.02640825045836,110.10250324673434,174.0146153016863,105.2075404447022,312.84306346066285,79.25024905814114,262.09630977832046,146.2993069401492,356.72416812269967,78.6105175309964,116.95265148375788,157.5202921044872,262.9086395341018,205.0332053777379,104.42113491086162,77.31909324751275,417.9613165752964,41.82142532248119,111.5582704780047,114.51397561108263,89.70686607367496,131.64720668610994
2021-04-01,143.52364647290867,99.36281151527332,253.40149820585677,135.18790264461046,195.07841092518686,200.40253858376477,125.5860139226891,165.00014262329705,132.97262102291185,81.8202544699937,149.9910390482705,128.83998156027647,135.77842359535336,159.9044409597372,120.7023854179997,172.40773955181237,95.88868347840932,92.55183099602972,139.59073219238354,110.05622967282883,92.26496844481696,73.98439691033344,80.98502438581443,77.56159221443079,41.40311428932204,138.18780640662467,111.88408968991098,110.32268908676852,108.77268864752683,115.94486123201838,99.79075567706629,133.00764618028165,94.71738467363052,74.89076854353603,62.59184941900025,90.61013540558517,143.44439802758907,154.60874898099323,84.45860748341273,109.15258029727238,119.57791358724252,109.36039364695975,200.49754078156585,165.75165986434223,113.9167531644045,111.1842589212125,111.40995260663506,97.27696842261923,112.9108925548274,179.2347819990604,155.43284778444905,177.58397243683663,180.03209112793039,185.30483404116973,213.60350443282456,168.6758471208905,99.76847326002526,91.09443309963684,116.36889029041369,125.91143288146414,111.5722887711409,92.48910550514591,178.9045512297224,113.41196799550826,168.68455897165188,92.41121435840122,331.98360169840646,76.87165809602398,227.14711518822145,127.81603969265731,309.7153306144749,62.38650014001718,118.33659410141213,123.84197058781169,186.63075717237834,189.67004310774072,87.26887552344802,76.30991386259984,425.9010963071997,39.879692198633364,113.09744636486414,106.50859527536528,114.11594835310858,125.52085964453052
2021-05-01,141.01851678197335,90.23465164869987,237.9951493291455,117.50947563603187,195.22092217225108,201.1546582526656,139.35602698442008,158.02736943134948,136.153803762523,90.06775890088085,144.10892333383384,110.45404663427642,136.89187449833062,154.82873479013855,80.66841916274362,86.99587805142568,77.63183462466202,95.73829037844436,223.1995249393591,112.47044417030746,86.06496190297032,68.78169480071197,74.16726949241196,73.9963634939572,39.088800540803405,112.69735348738115,108.05617839051979,106.4356583009938,109.61114025394934,107.64195401459298,103.88946186108612,128.22733062130135,103.40588302389604,103.64230354223602,78.47853548074106,90.70986052752015,143.2495504496647,182.5337424027681,84.34852747845552,104.9817757550364,117.68912251667794,98.67064093943672,195.1228720271308,154.04555751580628,157.36753685463069,110.50005335028374,108.09241706161137,94.04228043839855,113.06394183030125,166.27609085175698,147.636732806473,173.0519643391871,172.47623745515915,178.46989735697306,170.5545244746828,159.52612482728674,95.22242079153236,87.78816759323277,114.91396967844922,112.21547308830358,105.2016755549947,90.35647550296076,173.90732353439,105.5012733608238,159.8667920936895,86.48442928333246,321.25702164470044,73.60399253704595,204.34460963508755,117.76396202500453,250.0053310913975,66.31073895929651,119.79854252458847,129.91690016629198,221.48684239492385,173.62188164685793,83.46134209261103,70.44517424951275,364.7540446698441,39.77581550851148,98.30299940153336,95.82556310771048,83.08750984430995,121.68405865362828
2021-06-01,149.45064483240066,100.02180003536192,262.3687805843418,129.37581390839028,213.45969644384073,197.1053662738329,140.11088407747815,166.34482407002875,135.8988265738701,157.40302065285874,143.36740552253372,105.09616851751099,154.22243373237038,174.87363273929017,66.27158023020577,17.69953682411573,89.58158802081849,106.00555077525306,327.767896981187,108.03209677881719,91.6434577322986,71.00898291403806,79.98701317978897,76.96055204019424,39.77777135591835,136.17921499951635,112.92344163871257,111.82836448796557,109.12158782589665,117.33851147227277,100.31606047923927,115.73227154876867,99.97762574241904,112.88010493920537,64.18790385953709,90.86569849587464,144.984788822499,165.95473318310766,83.54763649962838,117.15663794731276,98.97323187100605,111.82084821690017,202.60999180803765,161.61091718904478,146.3405080867586,117.34899172649547,115.11848341232226,104.23700177992444,119.45244652125284,178.97638621496236,155.98441770463774,173.30670181189643,184.04170727358925,183.30733985076162,211.13278634226126,168.29297640237525,100.63978766036797,92.993688567562,113.45785837289858,125.4828736484103,116.04364893983146,97.01496933061709,164.53349458084762,119.17064067943024,165.3772427464513,85.14121495805685,330.3807992946322,79.32945177182012,224.33720070062685,137.95530637463915,317.73998402175226,74.97528519400136,124.70641268625465,147.91409697042198,254.17127799336862,203.98786440138832,93.30218732294779,102.72121951810986,426.8458398848892,68.94481908334784,100.2063095202121,96.57455020273153,82.80611483650928,128.59837307531356
2021-07-01,152.33239169937622,99.31641709076995,254.0526043260139,138.04192287312364,229.5238849458933,182.4176596037641,114.9804768172446,165.2583824454127,139.63528081545337,190.43963558695054,145.2774298665476,119.6315539371754,146.11841888787964,201.4600459233896,56.01907833807357,2.8233151525586724,81.54803630088536,106.57792690437904,322.3945973023029,109.07175185364613,92.15308621851149,72.62803974402364,87.21113803949886,87.56215867990318,42.14108339294598,134.29155174487818,116.52208257646457,116.47250774528527,117.58462351596762,115.52741185394302,105.34277328251991,136.73096408114688,101.20021504461651,87.74651156972864,41.87946638230201,96.08697495585714,148.49125360088277,163.84766413765453,87.74076387039432,92.89677219143582,110.01335467891897,96.82636702449236,216.07766481206073,162.21860484394867,167.06516929547456,113.7643376929672,123.35568720379146,93.66713942923309,114.4560992946718,188.91569816340458,159.1197361889326,177.26388732313362,203.85378150051204,198.77168459618915,218.14994520956756,180.61108976881806,105.55248032688503,99.84897036952121,118.73045923973943,120.50083032591095,112.9671896563531,93.32252452344673,162.08967975480232,116.26034927240076,165.03491864029183,94.26659135201201,320.330977944296,81.03536254444266,209.86254930908092,136.5862866185955,330.03880761822546,68.41756094570664,123.25075184949318,130.9287219446771,208.87600460719716,217.58168655506375,84.87703598583565,99.13370061960336,339.15944408426105,74.12108165613297,115.46054042551002,106.65806182480557,117.66120410937685,131.05026656085323
2021-08-01,155.33312403939058,106.48086433825598,261.8526999563418,135.74053908498723,225.0502854631778,169.04659855841092,136.91097314963474,157.88816108710986,139.77719312743218,184.4753492913138,137.7508691012747,144.19184049755967,149.17481187116104,191.5069651786296,59.54153980396764,0.0,88.1158730905418,95.95148457041158,239.83847044373005,107.0358967681452,89.59377526086566,65.7024746120445,90.12992612439928,89.4455928248808,44.915405441733455,141.76504942824943,117.73098872956106,118.10531643384127,118.84305213988067,116.40321937666428,108.88562751974013,147.34310789103574,103.99494247120857,83.61774513378352,66.13303243585908,96.5861816401483,146.6046058337835,153.50533665516764,82.8758188437201,104.22780236107593,98.8770317976957,121.7978076415468,209.84991096216535,164.06704565389532,155.7377974243414,121.69301089069833,117.73862559241705,92.76774962875253,126.14521537703646,197.6630721782481,167.45867575421562,182.27552107311004,209.3295160827398,204.81280212274493,242.59639366055745,183.35728098195756,104.36870037056093,96.90959161715327,120.47059929660114,125.04022240715435,111.84486173367634,92.26590726576231,155.07782754533713,115.52379809928784,178.3303928961094,107.87357097787408,343.69798442091167,83.2161028531504,218.97369134027866,137.8100165383564,317.7830514182855,76.1192499769228,121.43404197759997,146.1718036813336,244.09639201001468,215.88849714387214,93.46856343377813,107.0571342127896,417.16810702761455,74.74106891310869,102.5327211229211,102.79903620533575,76.67320779998312,132.99879291282363
2021-09-01,152.8250100921924,103.16672386230785,261.8503334880277,142.74644847144705,236.26913545759706,169.180012997961,124.56722311585315,154.889995425522,137.2020765037749,181.4192391664166,134.7141895995301,158.14480664975508,143.82363773539362,171.63087812502627,64.66823590932806,0.0,95.70290064946984,96.7991406915492,168.3771926287585,112.67583527709016,99.20535361400023,71.70332171019781,96.22708759052915,93.46954791038893,42.93100636548091,165.38033287315844,115.47153172852322,110.88332749812967,119.63158363401993,114.53338881234144,103.76657793351826,145.6603049599895,97.19532079892983,96.68871957669765,62.77094334768072,88.57325935089106,146.7370378622314,161.4720790179814,70.79397087901427,125.22298017242544,84.82062401275586,136.12564271725418,208.1051315298785,164.42647689177565,157.0333488763923,125.80313696203484,128.13281990521327,99.78185903117516,128.66250628271146,190.5263646025536,143.22403225795335,173.01329173700324,213.78965520825255,202.08348466623409,233.52133619790806,182.02887493400203,100.5233754752199,92.97432366656648,112.13952393906828,126.0807556664572,114.69713678765311,92.03625978815158,179.26560649190085,117.94814217475647,192.70259822015635,120.08594583729415,375.3058047399595,85.04276431776732,224.92781789723298,136.52797553161733,304.0610490349415,80.07171842912801,119.05484000150014,152.64318446157822,268.3314599640658,222.34411936353283,92.04577128659743,114.85783336276529,455.3731435234638,79.37339081366186,96.34133927442078,91.77820554717734,73.82064664224777,132.8040774543859
2021-10-01,145.28261800593506,99.09804218099266,251.8181882172747,138.31125951565323,254.88979939308564,152.87531733101713,128.061274473038,152.67323397649,123.49413815596772,128.1463444736825,114.79138036486901,153.19819149456174,137.86734128607594,173.51623464307588,59.50535637075633,0.0,88.06232501604919,87.63228847249103,60.530892935866504,114.95397331850799,98.37348623396176,70.09398827555674,105.9992209126249,105.28943314310547,41.715525287384864,178.29327527442604,114.62452685380714,111.34855527533897,117.8446437023968,113.71296524027352,109.2498693175925,162.1389344787021,102.33609232182287,85.05233665284501,76.7487883245167,90.01994082837015,145.14130729025888,159.58151194891565,72.84845167770355,131.3321972717248,92.67304693746061,120.86688204580072,203.4405306211222,160.43723183464988,147.20438204123292,119.84896429578899,118.59111374407583,92.81517475196294,123.53551167942067,195.3549370694461,152.0298158196164,174.29913178401102,225.27760744411833,196.22460606582575,231.6460616174294,182.7046995355965,104.77385620644124,99.54301174881522,117.33385974139011,118.0136635273136,107.99854427099102,87.57806860422538,197.17335999495745,108.78033694299636,179.1947216657477,109.12393035953924,349.67853173661507,80.09503121256013,214.43280328070853,120.09087154815734,259.8256850303389,70.42933468473132,111.42736179526712,144.2716563057464,253.27221172707596,201.31368363851874,88.31285683392296,112.54853839513439,505.20535422582094,71.6305302847724,106.40825677382874,100.2632646381599,97.32295014155976,130.03163702788964
2021-11-01,148.90185302379865,101.22276521363102,261.97124496975516,153.8237204391511,253.84779896762285,133.13353902181916,117.77829036467065,151.40394799657454,122.91487076808056,85.62795672887029,112.9870414417555,170.82453869727803,156.92409901461102,211.31732647998737,58.55957571399878,0.0,86.6626586890325,87.65511354095896,35.000024944569304,115.38232690951352,103.9922469823998,70.49530184659261,103.70517661065523,104.4482576747773,41.91691441320386,167.13695222621195,118.70578641414514,101.88392639233597,125.51972800383113,123.43029230530941,108.26268494760077,156.65000141220668,100.95406420327826,84.38564454935894,53.08514044895928,93.00000555395224,153.77690800318484,154.80936797854034,78.1701849653406,146.69511751041054,107.19473607272951,127.4087666596768,217.95586095697388,169.6671484369125,126.88124382735703,126.59677834912463,128.03317535545025,106.04472246709588,128.93371922755375,196.5080894933463,164.74913451313853,170.35462980558285,217.86143892012637,200.89805787837048,239.25774356901323,186.46611931216967,101.26217921772495,94.6280036124273,115.40401212486586,119.82518590291913,111.91606521472413,95.77630611556964,198.985200772117,111.38432754259753,172.53070886957127,113.75294606045918,303.9297406146966,85.24443659450107,231.77292981922483,133.70704417418455,284.53274679520433,83.52064704176325,116.50690415691689,161.79856813035374,290.68587440955685,221.00031775744867,96.71558317329637,124.30226495619486,568.7732589448797,77.98480145215672,111.43557855181272,97.76404307483097,116.56521372968606,133.59559668960426
2021-12-01,144.10732905845262,104.34720314994624,270.61379477875283,160.8124205017052,214.10524597685043,132.95759489833821,122.80905080050863,134.05428645234608,111.98056295031513,57.06497847837615,110.02956070306004,177.4134048042831,148.19678589198696,209.49932935416933,54.33722793468818,0.0,80.41398150851604,68.23754525324517,28.086849900359084,79.36292068679529,80.48008171153887,60.506522344926616,110.86847515087294,117.77422594471328,41.848531973806985,155.90981247958615,103.7563936808674,84.55726796404139,109.5135576846687,111.10267712604711,115.02566956046049,170.2276732658644,105.9019420803016,83.2191563130584,45.11303339682972,99.45101240199234,139.91891454393956,160.6719959464964,79.31365437725664,119.75202067944335,113.60829873706744,112.60562753786665,191.98920749495747,144.59530392653153,134.16113470372667,112.89016872725188,112.26303317535545,91.97345279193793,115.67517873040286,185.2034985863057,168.74520402822338,165.9983334956431,200.67172311128846,187.67276193763092,211.07762994124363,175.3016372306974,102.7808697473765,98.4736838095374,111.03231662077054,115.75417357363288,100.56239396098483,87.91147715909,175.93639902023693,99.65171513239575,182.1705145418002,121.829796871256,342.8000554370443,79.48068091250079,211.37077311253796,129.89496249577343,277.8461949001977,83.43445623832302,106.6608041744372,138.41014012875203,244.47147348187968,206.65342896249223,82.28387353750733,114.69399709799269,523.6928109508742,72.07302094874144,114.97517026048234,97.81897733381062,134.30204048748666,127.32258878895959
2022-01-01,131.5927788718501,88.93890872991906,239.86459341893766,138.85889752273667,187.23803391438008,118.15557718164116,136.19721003718337,127.7299166100269,105.94775272892508,35.19407288500512,108.10119853817059,169.33464840435585,101.551816597807,197.62377009729883,82.76827121844698,99.8454389282996,74.57283852828442,53.1258957305509,6.188463033569725,69.0677805478053,60.90440457788331,48.082955928066255,61.759571053498725,62.92245214761681,32.197397732504385,88.67775951741628,107.28234753714601,91.56085608608538,111.1152189383559,114.1507943899018,110.78290340012028,149.53746251202412,104.08939132513055,84.78952678900853,34.28213788068774,101.73573840656583,140.66907765801307,165.99513630583965,85.5923692070249,110.26560249539304,112.60365153943906,90.73468086216407,192.00784931593648,148.96745651022428,154.59632758216497,103.26049896106915,82.90118483412321,83.68168608707703,109.71582652385032,160.43963999811805,140.2393167124449,143.41674305167072,174.66073665687838,177.79003966036984,186.28400233459877,152.89858199062778,95.04464548367392,90.60041410061567,113.79164623751312,98.29242633626237,88.95689681648902,81.5102192170159,181.31770802435813,85.09459563721882,123.96685403151069,98.09884394061179,195.79838959983005,60.15086716626531,160.86796012848527,95.4910076857974,188.05329902580988,59.643033236161344,96.53220293431461,71.78429546838804,117.24821297480436,83.28711079695368,50.061166780430156,91.59997839345392,350.3521783814387,64.63591157779538,78.78719330204336,67.45185014541097,71.95889664975188,110.4522389202289
2022-02-01,136.15568319316452,93.91458639215031,233.38548332962588,142.72148468410506,198.84368597447252,126.03943137137266,125.40681329279586,144.5933732710979,117.84359740286351,77.12225237116782,121.58368255127255,164.64415837464978,113.69722943623593,182.82738713034146,116.2698541361518,172.0368692700821,89.50693732075287,70.60042597926979,11.34875721277025,106.63115352131994,84.6359577729278,52.46467705373266,74.58358797127933,69.21673054842977,38.6998798209492,136.05807015029498,107.04845692965867,89.61638053999256,114.39941024584311,111.663926313291,90.07846516865322,136.6003652161918,81.35269866537631,77.16059387473425,35.39031062601038,75.93869049959812,133.74041991248686,163.698258169613,78.98330624827548,114.51213321872815,92.05140541568852,99.14974761033642,176.01089474064239,149.88865400218427,154.69361595732866,107.95590537307817,91.82464454976304,76.33646764003012,115.12120333024073,166.90933091586362,135.43712354638245,145.33413134195777,182.9388085988873,173.55194409742708,210.97258076669803,157.87267070539434,92.2304337964201,84.12623986946775,107.0990796883367,117.29117880965937,95.48676644066154,87.05872407528932,178.6269855454244,92.59809517495465,158.81091195909025,83.49361818591996,321.9388773181278,70.17903595211415,209.66171999289185,117.2742121326919,255.87229974963816,73.23205791665409,96.70057955685509,130.78417841332225,235.12587456549184,201.46232511937498,75.10191004119694,92.54766351430578,364.1073788155631,64.24895027374461,86.28095628503152,82.3412724111391,67.58449612321897,116.86553670599895
2022-03-01,154.01939252930475,104.83425916942184,265.32043539613846,153.24152328275207,240.05912431688395,144.43496799135403,135.45359063489718,180.46356776988748,144.9215330575963,92.79011151315468,155.73978594755357,162.24516360835233,138.18855539762967,196.2439856145717,156.0712392738493,273.07741942879113,99.9192888986348,86.47987094148945,51.052437950999874,112.73445992640929,106.13402803279625,63.704046236770424,103.30235852589327,99.54692313430289,43.818196146552076,183.36434247990243,122.70497413217204,98.52179913608644,129.6059817661547,132.29764593288905,103.86215082180229,134.36000678566674,94.22029523801304,94.98769888764693,43.08634631212016,100.09219648212826,153.37685610980435,173.54936974912619,89.68837224804109,127.3696742660071,116.35058787239896,101.78541703514998,205.67675471328013,173.13122769922032,166.56543400822488,129.04477286217448,131.35071090047396,103.54114802177567,131.84286050932877,185.84774724821645,155.2388468774456,169.53803829556745,195.78331852962833,197.80492080343902,231.51665884062197,176.4604402756838,103.89042913379325,93.89601777678645,122.71865669443943,134.30925007959442,111.50091221436641,99.50207539920876,195.64704030256314,109.75995143298141,187.7518842660533,111.05335222107195,346.4770394016121,85.93791512382674,272.10039960543287,136.40829226625945,308.5207705692531,82.21442924809425,109.7154883101407,161.3663927150863,298.70187679483223,216.3938658923596,93.07735823545417,114.01147670261248,493.2734171245552,74.48932267784114,106.84129908818808,105.66110262238624,84.51571005663328,136.0641797706369
2022-04-01,148.71692013407508,97.06369054739523,241.90203104372276,139.5807299659084,232.3205822575767,189.6978637568164,131.60475158220953,181.72392548726322,134.68244702083987,89.79344826848126,159.98929228834518,138.7916458516989,134.14296242897882,173.89245222922943,99.56583995858736,128.29270695208726,85.7796484282055,87.62532934492134,101.6862228129403,112.06890238275042,100.534822253441,61.19398926120778,105.01625264005015,101.00390513085985,43.78885842674534,188.0484811577735,114.04912032283795,90.89663994988886,121.60536130789207,122.31443415389676,109.06001634780814,138.3748241659149,101.81638421262969,101.74084534402948,53.99889333380865,102.8011587163456,145.95000373064158,160.7032163782122,79.04614722873178,123.10062994519589,109.91402753686938,101.22897721732085,194.2182916891861,162.40790165584306,173.99801073673854,128.03934353424586,131.39810426540285,107.29462608733604,130.0266458530932,190.7473492855095,175.81932476896947,163.48204155842862,203.47329297025217,193.63101821057282,227.71874979882347,185.30277984090137,79.34153700202481,58.17348803755351,129.93944785987478,133.14752290350478,109.24669639453225,95.8300497674622,182.33301308122424,108.75563620878677,208.3446399452133,103.40247805439367,447.771087055367,86.2921601254534,252.6223985149821,119.41205090775456,246.78938463772755,75.62942047573515,108.09864359548958,155.07986400057612,277.77307028862145,218.66699613056053,92.17317455971413,113.9889253368339,497.31178636864195,74.04359062156956,112.04535619821606,105.22127903786503,107.93268084199094,131.1105768832316
2022-05-01,154.17253864178863,107.89428971293201,250.5660774770993,138.06095871200714,241.29307663649502,197.02771015017774,142.82234725119898,177.4500811296474,137.4412402912593,107.34060492897437,174.78365838527588,137.3884291189612,129.42649407873418,185.45324192927404,66.93758397805036,16.14327470265184,91.3140701602207,96.43956355995194,147.96374926308116,116.63402290272745,104.49784238628801,68.51236148144379,101.56984924428082,99.71434423801259,44.694631161078064,170.7477459492985,120.16192747874278,105.82449190106294,123.33119648899942,126.7412802032868,116.56343564715917,154.38254700053065,111.16749718022601,96.47052502090554,57.92177388980767,105.05472063341821,150.21629008691735,172.27359684733477,87.42569191666465,119.4522061556884,120.94956394861298,101.39665696209197,202.6451558615152,168.34395111233314,157.86589343853112,123.2748504142875,108.93364928909952,102.70922603861878,128.6844521827821,199.82033123672178,178.40328733145554,175.80789084017022,211.53627280816556,202.38030618830805,242.77962576586128,192.18910621352882,101.05877683299823,86.29119249984748,136.36425962106094,138.58922907301982,111.22955495241814,95.69048688730946,173.53224709330442,112.20948410607897,188.18410182732873,101.11050395690592,362.32122472227286,88.19527697483774,272.1941448240876,147.15250840689404,351.1202731986521,80.5910306091024,120.88819709606392,160.14294341738722,285.93923949220425,232.6306372173498,94.68563559337686,115.33826199213681,489.99896040182074,76.29559450722608,109.06908449836013,101.67367031161568,99.4216704025702,135.95623391042957
2022-06-01,154.71737900027372,106.94440221449382,258.61086221387524,138.06431345549322,227.9084915484973,188.2005228798074,145.0513028867312,172.80003041382133,141.5359368886378,169.48076330265724,161.2842510595838,119.20408537169263,144.57395809661622,183.7939071821153,54.70386340191969,6.033552076629385,78.06103054185141,106.47017643866842,274.75968992201007,122.16174286625511,102.21117758360472,67.0031030100041,100.73965157380657,93.26861019702257,45.55231560335658,191.95785422703577,114.27687083048747,92.14623110270679,119.04130590487377,124.55584037903382,113.47875288464472,151.6556398047359,110.37137393675364,99.78364638556016,43.89735593577616,98.57616445344125,149.950850595736,158.22542006365305,83.06830368592168,126.50005682813762,108.33594995698914,101.77467024563373,205.67087077099382,168.09168993670806,163.98950967117258,121.73287788065646,91.00710900473933,102.66901799824332,130.14036061169713,197.05700962359697,173.28997552070922,165.2677293229916,213.9164847183392,201.98038748369368,245.28185472715472,188.4552281639193,109.06011926211488,98.04776479858785,134.51603797114427,137.9107119561859,107.69796037698598,94.26172128555814,162.68586168161684,108.46791116729031,201.69032069833273,113.61892171901773,400.1669064000033,85.95474000672314,264.1854279293049,178.67784923815066,482.7827548779003,94.06160635156199,105.92704808320656,164.37414307404848,295.65306596829004,218.70104569227192,98.86953776630814,114.60218147351385,480.86926564330025,76.43419631091754,109.10270810852667,106.12578803258738,90.36601782298096,137.7417235507337
2022-07-01,156.9753880455758,105.30547349404603,258.9150866379215,143.6905212093601,263.5511494991972,168.29013207702874,117.03280001584761,176.00987771059155,151.0916549166677,193.29993129902968,164.4664877838897,134.81074715185437,128.63063234719652,201.25087324317929,65.38655094945491,3.2576132318391093,95.20259163178983,106.36791478147643,279.9619232403096,126.85691624027243,99.66869513003428,65.3801190618435,82.32083305691819,76.75061856145197,46.21326044426717,144.9005981025758,118.43568123398524,89.09533146427538,127.14327979272521,129.74999645492503,114.47330565099583,154.39212914545638,107.82496450276844,108.25125203551293,32.170005006347054,101.96329541059717,150.51873535126774,159.18635533249747,72.68442781627068,147.61529668361862,104.71325974432051,105.19020918294612,210.13394657984972,173.63478096000466,131.89055264003116,121.68220171390097,102.78436018957346,103.17018287144144,127.71725445473515,199.26206223625564,180.02570961955587,152.48873219464025,225.580578391814,218.64138730028114,247.98969512460366,187.5369381200913,109.41314444253219,98.54857948076443,142.57185791420358,129.9065804436616,116.03191667259463,94.3860700732134,167.26124916194155,119.86134171610429,203.01397357875464,99.37487665804514,437.7853175146445,87.68638227912014,242.13261276046626,157.9761750996825,399.5485144011571,86.73373021675552,109.43266563891206,159.0634320649222,281.71736817983214,232.41618975657755,94.88911845086267,114.79700413881703,473.0368165508907,77.46552545629109,118.48554680092532,113.62888026160827,110.74127302555735,137.83236809148198
2022-08-01,164.16538187316272,115.94200585658231,272.15679688129325,146.78972167088486,275.1028639028385,151.2105424116599,135.36310838075366,163.11527829465794,147.4927156950993,192.90010659351242,151.5054175610525,161.80209204926263,159.62912988255175,208.31230180505085,63.943884364031625,0.21198036838207193,94.52919794099569,110.65754545207405,226.99403394760247,129.96323077205,108.55361902981929,78.29819657217463,90.87277380373939,82.53706341419974,47.81948166701571,172.6879736666191,123.47067292503974,98.64920582241776,133.29268773489073,130.66664865085895,117.14790379693792,160.57961153869886,109.89535870605323,104.76998215576421,39.57321123839666,103.94520559463976,155.9031706083745,163.75788963940738,64.54260625453048,157.50626162395562,109.75325913349924,118.91571587432217,221.76494721079385,172.420193248011,137.07309657210328,129.6089606567563,88.24644549763033,117.2653849605386,139.23119581229687,210.3788913945905,180.675014769564,167.25489674074254,230.5580130683004,219.68061768682946,280.77491852040913,193.57120515864972,112.42653825885162,99.12237890996144,141.50840465918532,148.93755705800677,122.40248370085261,102.6311434181401,175.8603644746819,125.43836277562896,203.21265275958785,119.73301073088696,387.3573384595351,91.24032581321082,273.93023912016747,132.41508946135568,239.58298207705002,99.5208509518814,113.84140686462673,181.46914449729672,337.9512713735775,252.4101250432299,102.57502336464972,121.49738261146469,505.65709592879534,81.46484113644057,111.86883070884652,112.68459159911794,84.76012920428258,142.69539492532033
2022-09-01,157.7410882631877,111.60583738601592,266.833887300582,144.94483225634568,279.86510670267285,134.01679447970477,124.30655422429358,157.82324879090172,140.00241504305907,176.32345002801588,126.00438560080377,176.24654891051335,152.09657313140994,194.36978793971852,62.12419894976887,0.0,91.93796546969091,99.03624441959795,186.45113279319406,127.81034925889308,99.49637885215131,65.63265855225094,94.67741855998855,85.57544906529691,45.57447750574566,186.26798994284786,119.25206129638991,93.45573170020107,130.4669341448405,125.75627722563746,110.0430368889002,151.92902772721942,104.52839005770429,88.94697304671725,39.52823781233483,96.79975220673207,149.77122130097604,159.5102286457053,78.25916380658569,150.05092266153483,100.44168974430647,118.85951843229815,205.67475329726173,164.3223812822804,139.11090234535934,123.42684087830081,66.67156398104265,109.28280024042806,136.27432584275897,206.4760393521007,171.7099334519202,165.776186541649,232.97755939536927,219.0591508825126,264.47360585112244,194.89512087465837,106.73890287564772,94.9786423243485,136.8226930182772,134.67669089001586,120.78961589728965,104.58105182848129,183.60414721819413,121.96232932893376,205.75470034113553,135.0222690840003,393.8040869697326,85.19488154182922,240.75599807736498,135.2703277852452,259.5178969355692,97.32280897871588,113.30193325943704,174.09334694825282,328.5557888272268,240.48820387645574,96.69524302997668,122.80121600620312,495.3574025990801,83.97785563151352,99.66115888983887,100.82324874898836,65.77610217318731,137.89850280383962
2022-10-01,149.2889481777417,103.08493419279598,252.8582451552331,139.76882647289116,259.2822865076773,133.46102476517925,129.88948805050038,152.67683124590778,132.86789032290807,108.65595837227485,115.585635922388,177.64195071152568,136.1580517448761,185.67266089470294,58.72495603342013,0.0,86.90740599126524,82.24620330085716,51.490357499087295,124.09300524298617,89.92472752082348,60.55022931059208,97.86274013828086,91.12285615687338,45.079766834997784,183.38322329044334,113.83796244591302,91.85035759893529,127.31625867949822,115.5899252916032,112.63305073051683,152.05712402464587,106.81415452128627,93.44403702985274,28.514342486837023,101.44968980633114,151.67798865389213,157.64652629765448,84.44314993743932,146.63257197288692,104.98554014634351,108.80583078187654,206.21126700475767,157.57138895425805,167.64819621294413,128.07858209549894,121.14928909952607,113.55219224885192,131.27667272672022,202.5825915197147,179.72615412716536,171.83423611489965,223.04820944457725,203.80352099586108,245.73308785235346,189.50655803585752,111.3306403487873,97.9460852033848,145.85822143027727,142.84108887365366,114.18017665385335,101.80395525116349,177.55846712266356,114.00721976704159,176.51439506868607,123.23220536128002,319.29384899722163,84.86149217573562,201.90707964853587,138.47888612610902,317.6004548557103,83.44799322563152,107.55203826762622,165.75147904746194,322.1629959988368,215.04728364667935,89.73708204429921,111.3591088197829,452.48477204090074,75.81106255753981,100.51726777545684,86.26505655415592,97.27486285638386,133.9217994277668
2022-11-01,149.99608199510072,109.89532777147866,267.24943849344106,144.05649928615924,227.40712563067166,149.12290353606795,117.18219160594121,148.48647410809448,130.29559148358334,98.31956980976857,114.59733278039296,182.7149998317677,125.5119273829215,205.26736587582687,62.91388530834254,0.0,93.10662693163,83.02781894482924,16.493740405214606,120.81269057381886,96.33982951845874,66.10929495356771,99.83550273166989,92.50179595983151,43.782678354372514,191.40293083541312,111.46527665281354,94.82181780559075,115.43472643778871,118.82184551266698,113.35740700166367,149.00212608937184,106.47016159042053,105.16474336332635,28.29380902413431,104.09964004219604,152.489300868504,150.74071509950917,78.56412751685527,137.53720730434415,111.88493615821935,117.55945758231856,213.11152470759885,163.0370692064031,154.08238195085016,123.08706790068305,120.04739336492891,97.3109688837719,126.96030858130318,202.58180985470656,196.10264023390354,165.27959250298542,217.06841870047722,197.44338213659586,248.03957968749677,188.50536289834147,106.326944021897,88.3488027246104,150.8003618282025,150.538219640704,119.0984866493247,104.56453631894733,207.42371012718954,117.93221017567667,164.08466920096612,123.1899200212938,259.95643864460794,89.83883856452871,217.0890160698803,146.85170349595322,346.7385702442582,86.13490818677963,110.74590183534737,173.61409124004393,327.44014289671685,224.24859343916071,98.57281323550663,122.23611480991687,498.4703457393318,83.02947254140774,108.34828538715519,97.15733032120364,106.16056492461848,134.14810212988806
2022-12-01,142.08303945319,112.14976191201202,260.6973895105773,151.94593589677717,221.8417184930582,122.78201900119645,127.56188833662337,140.73455837635098,113.19479542005018,67.60441027771341,89.46359359203421,175.72514071877538,105.01818725567549,220.8218726436194,57.336858347823686,0.0,84.85315210559163,61.450160789147475,11.538355687300136,79.94113959567211,72.04602696347932,53.332402129272296,98.73900141558549,99.58784276173165,42.479717592417856,155.76286227865037,100.43920171446626,77.81899627061748,111.10710202070811,105.33584943372175,120.60603384161772,161.8864833257164,111.47184072347609,104.56385931024231,32.72813675542211,111.79400101985757,132.33982054506953,157.9954745639293,92.47115127339718,114.44904476465233,120.23525130136723,87.19287101908112,179.62452537488426,127.62636336771838,112.52086940295347,104.4454101798777,96.12559241706161,87.29761632844522,108.24788664523363,182.09245159171007,204.13258988098877,140.89342470097307,188.48649638275265,169.31138647281352,216.3976861507711,166.73074830451003,104.53544941401199,91.0378340330015,145.5308031237178,130.19311185570976,102.41559330169545,87.40918728235451,173.42107632131126,102.61075998106388,186.13116883322581,144.3739549154052,345.04830977088454,80.80874371905202,162.97241564299983,126.19906299774257,254.92887413727377,91.73819280847637,92.28403781228728,128.17406470966984,242.13540430130402,161.17286490944116,73.17401810112017,100.40122577555596,378.3914030954915,71.43240651257163,95.98028016710148,75.60038485541148,108.34426386930785,123.35551311628174
2023-01-01,143.47461035691177,108.80634278920456,260.56904185995376,154.77097253974384,228.24066161366358,91.80890108491778,147.27855671293491,141.74032697224754,122.20188592376212,42.41938342853459,117.92854977709109,177.2350198808914,94.34291369337569,238.86239910144758,87.21491127207851,87.2252907649367,87.20993009273292,53.91517122158786,5.682906105476623,66.91781368686996,60.09280659427132,52.0092100194835,66.03399419547284,63.742028609935105,34.852909425124174,109.37585439502683,108.74281823874088,77.69717673461173,121.22126203869047,117.55604299607207,120.03152036938033,167.1747932059204,112.98123076262334,89.04159252137174,30.338407361655108,107.55029329046825,133.86598081370238,147.83064586722895,84.68509326360586,91.9698156640768,117.06865309950481,100.93271010734213,180.71192857281417,167.42779231358546,103.1279666137366,112.21952782825026,91.52345971563982,90.84339648765628,118.96922067316113,172.28284542067263,178.923661273185,132.706753272101,179.57082313663196,170.72277657363742,212.62089112683688,165.9236266805509,104.91203493378393,93.3987046069221,143.3066045703985,123.40352501964628,106.46457982877315,94.09211655707131,159.72540469212942,106.99154402895537,132.73790951501556,105.31627556072354,195.12372679439605,68.73917204222312,193.8869933227345,96.27694322724712,163.1089858084051,66.85959388103619,105.14759327371938,88.22736497968233,156.60330199239576,100.74674990219994,56.18569990600943,88.94628527069861,237.90422033563874,73.42366666494345,85.6757551347491,72.64333947785646,81.76186211053093,117.35959829400522
2023-02-01,127.80157710679765,95.72495507059894,219.62398411987064,127.93064134041656,216.2875778972246,78.57898832414838,121.87425595171753,144.02720934583243,120.71516656410165,72.00504561191414,120.04222194221269,149.8189508027499,87.66426285461401,186.94317206382786,106.18143306613166,173.1544923913122,74.04067008486108,68.60858001823475,10.278112337634248,106.46030364753635,81.37050088485023,50.41547936979343,76.3960936502414,70.7483408125762,35.66420815524449,144.28890918841546,102.38213210777151,75.98677376309189,115.18992232026041,107.74818196196861,110.60765143929332,150.21260145707151,107.25984861540621,89.8067594598363,38.551377055430954,96.26024221984395,124.45795951571955,146.81614959060207,77.44376664324781,97.0030865081729,106.77409059976584,87.17096137115108,172.1265977576305,145.25139438614994,88.88822781116434,107.60686262344039,82.25722748815166,72.91442551557078,116.95764342685436,171.64751193645517,173.2468378757284,146.4423806234543,173.85754705139777,161.7579624479586,211.13368918824514,159.31664839216265,93.24688840032725,78.99164625517642,125.19563337257075,131.5874001511869,99.1696869425319,86.99629954400535,137.48983553313982,100.66425869110628,156.41835662589395,87.51003219564355,314.969012317833,71.2661646021266,190.48976644037498,117.26676772817387,274.2152082861514,67.91474025165029,92.7716872066468,142.27476766191478,283.6935265423454,175.76613645522394,75.00463530944043,100.49773392889902,413.51318259493934,67.87899881261258,88.83637312994861,88.51611822047337,67.59356155871058,114.97961805150169
2023-03-01,154.02563145537084,116.80445932903898,248.93480463297914,150.76148066153505,267.8024443320069,113.99134213842939,137.92018875143347,176.36815530872755,148.7262374897887,74.6945102614576,160.69441105464952,169.50798621254643,107.58067111929171,222.24641019997293,158.05481874157454,282.73165051611596,98.22167777865822,84.65470766183019,28.452918950566662,119.02077321705073,103.52703815591455,62.66519397393148,110.49821091725379,104.81382552804814,44.10180486246948,206.20523081750105,118.27081211899991,88.65022619552354,127.7730688178063,129.00481672180578,121.68611163493446,169.17145740157235,115.389787177934,106.687716922998,39.07958231876016,105.50448915088751,147.07057965746614,154.52461601592333,78.41570531006136,107.0056859447456,107.8049589908978,108.73064099302081,209.79851343388916,181.88318862000438,127.70193874728983,131.05951303264146,119.62819905213269,113.37603301502268,135.5358067026961,195.60883659783516,172.01795825633835,160.82234127415992,209.1645034069841,196.69956450212712,254.98453405960436,185.38061929245038,112.31122918250439,98.44034584313935,147.26741804542104,145.7849195701868,119.15760107493597,101.44156948411656,165.67484683860542,121.97377205213294,201.55858062378087,118.9501908376423,388.2762075284765,88.22256118813677,266.39567981729766,160.27807329365868,395.5380029949113,91.89325845114112,110.71499260370253,189.379744140536,378.1555139816945,215.86999736757824,101.97994584812756,125.2531353164147,556.0269926547827,80.36302395794091,116.02817933440558,113.0798894685764,100.63052675379377,140.6028431856701
2023-04-01,146.8687508166144,105.2241578796203,243.9039763687759,131.27350159861518,275.2719412915238,145.29478081209646,130.87075721044727,180.17114612125292,147.33567160097414,89.1097327783823,160.1866099346299,142.04984590893648,99.66883813854764,179.91086409063232,99.3080211593053,101.84674081041878,98.0896747465164,87.05151996985751,90.60943706432415,118.70415603166495,94.13838808819581,63.990758651671726,101.45084567263166,101.68592278602749,43.85254336618402,162.52552762272583,110.86349383915528,86.85501647368218,116.26526519758436,121.78916729943332,121.0107426266718,158.81909044234393,116.3232847147373,93.48375635211319,39.6168641048016,110.63190641413891,143.538950195053,162.46114426494293,89.47881759940795,105.90666820198638,117.20792754194389,101.76261360657088,200.37973855060943,169.1550322756584,112.82924951865508,124.64386900502005,127.11184834123222,94.73614687711607,127.97111073928525,180.629128885927,175.30188763406713,123.84306213369337,201.9580544813653,184.0736087877778,237.22273376622746,170.00148333681142,108.62158595833719,96.0478529073176,134.06407970889782,145.1518852200556,111.16009491859768,92.48514724253035,142.30626568069118,115.36850832499178,203.38830751080997,103.6829033900435,436.2683457159066,81.082029893733,244.3385503302796,134.93674985091613,304.32334823995217,83.15757084141751,105.091459114081,162.1256511043399,332.1776594974062,176.13575452564623,84.69115869433537,117.82911486112206,497.28349004575153,78.28690758154171,117.58039164016647,105.6548643230792,125.02025551977358,133.3535038248002
2023-05-01,154.35545509435778,116.17700789899337,259.14019809333945,132.23428948505756,282.0219038469729,172.730769469873,142.81726788432098,181.25647059245995,154.67215616702305,102.8084611147229,159.48251656919962,127.22725777176522,113.96988986886865,186.095837417942,74.92181772384207,15.552085517210845,103.41369953933203,97.10378166659221,141.2455522424832,121.13550768677521,98.7310932308466,74.153131256088,107.66213597716606,105.07172513209294,46.79077421829158,184.26913515331339,113.25747363909515,87.30094802750644,124.5991574727949,119.746771811001,121.00748279029546,168.20848803069234,114.2995465519689,89.03552736981459,50.733651486947075,107.5241314269639,152.11483004953718,163.7083510673548,86.27204615949238,113.51287678069063,121.0761027371299,97.44096119307632,220.34807481442067,183.47235368729085,111.1408371355115,127.93722474135163,126.43684834123223,102.72505437466316,131.4390634325187,189.30406150650902,178.05732609496826,146.15509676750128,204.88702947602883,195.16628618233008,246.59677317443948,173.29305314568367,110.92408404415602,95.43306521874,144.2093546784322,154.00813222190502,110.39911618835379,89.7161719281652,161.49993286366043,113.90915638140525,183.8520935494968,110.23854122094637,339.25152023714423,87.42485318249244,256.6866827798509,140.81838943791135,328.282156208242,83.78585722149633,107.16178238878092,167.93686399477076,327.1950164060708,201.2108105470802,92.76544338560294,120.47585384434,503.3145668296889,80.58097126155609,120.69957127998362,113.72476993852234,118.87115798481139,137.3370382911086
2023-06-01,148.3834741041942,118.19151274806987,254.4046457969515,128.82289986954072,253.3024381419371,148.58961082159453,143.23317434341064,164.83667584372483,152.0905697187199,139.29972723768813,142.96242016834387,123.14433895265688,101.78405990220986,179.0271252694915,60.67683971149322,3.8682183115265736,87.93962946765078,103.40035400416072,262.8093051710609,117.9705684659208,92.45018920451298,72.00091004677667,99.98476056381777,99.06177041703071,44.00368350870341,164.236969086049,110.06574864537296,86.56504884609576,116.45190445338592,119.69740404930334,116.50531382378071,163.48590732506892,111.3067908704741,87.94524348561366,45.11381457296479,100.95337163376159,149.0562029578894,164.10707814744333,75.03894638696978,126.46952066392879,111.13052027374337,97.50720839997042,213.9299593782987,187.72796127025495,101.01622197095935,122.69198762707124,112.1390758293839,99.2202479533984,127.73422395280065,190.49972932327998,176.78746317786124,147.68333618314193,206.44985301559865,180.58070930585345,251.45227642407153,174.15389164785708,111.96104811794659,98.1528715905371,147.89983941239745,144.15333795626833,109.76965840954276,90.1685148742908,152.17451442867178,113.5135529972591,190.88913380706816,124.91862017071922,347.3510759970517,81.88352514528046,256.2667352575034,142.16233802184394,325.73173234825384,85.95771491691643,110.02473539701741,166.852064877453,331.3324778920996,189.2500446507808,90.79045752863748,117.46562189794071,497.9482825462684,77.81625897697832,108.92845164172275,101.51831741188838,100.59237230673294,134.27318455353023
2023-07-01,147.7268626828587,116.74455235870045,246.96198286287304,134.16744675284397,267.5783613180555,131.13603998570656,114.31406072148398,160.47982302148097,151.43805251363236,163.91261002402342,145.07339637430488,124.49485503599712,114.14021174017357,193.23945022475306,65.54290039091222,2.0255469555633057,96.02524989880727,110.73726097182463,316.279512955171,124.01741882375461,95.22646540509388,74.26799298285626,95.24207321320762,91.08660012100809,46.00179543704519,165.96394327268592,113.21231856510278,91.69502411893443,118.2453805992021,122.81875329238288,118.55719227245037,163.60548248347226,108.08365401201223,100.57086601765835,25.15219760036331,109.50210203011652,150.701351008931,148.1252792937748,86.24302289729046,121.5284375476637,114.71309369848396,98.83979499465366,220.04818182774875,175.71770991189572,110.40091519317201,125.07989256172907,121.58945497630332,97.26069047727493,129.30098040047966,191.56648487347044,180.52698840489123,146.565823201403,208.1349010603504,192.94622544725036,250.9764789202817,174.22455445304823,98.64426809734354,81.79447749763261,147.50747686502646,132.96615084934112,110.7719501345878,91.75576910970283,150.20752337778242,114.52219718592433,176.90167438837688,103.60062427760711,348.7533669431427,82.27150585625293,212.9412223830385,125.2991290073356,241.81099689070732,88.19432258241646,108.18998511180651,154.64514088386343,304.34789183599986,169.87087856417224,86.09625494481614,110.31667663889728,404.17454731462624,79.69431570988706,119.35919281823938,114.5058325677841,116.89020186342492,132.37164756745278
2023-08-01,152.76442365838804,112.5848814620241,275.0640371725635,138.39763828168648,276.69415197810605,112.15914579761501,136.28194053986132,147.90986248825072,153.63981047754822,191.81545145961715,122.77999174349496,157.85949335806,125.29174856299288,177.35464593585385,65.43522835167147,0.4414007109281623,96.62614646852208,104.98999963216949,264.9534540346903,131.6206732950052,92.27878480072695,68.73332782120029,95.13851242808579,87.860095562324,45.98882079606288,179.03154353870087,122.36205556999163,106.01845249591493,134.56527919078854,121.55060576681434,109.25572220683735,153.5207475414115,97.56492663458977,81.11213210276573,41.84031457838962,102.61661221209513,149.02676385380977,161.69110165666925,81.10779911249689,118.33105368126748,118.1444401443116,112.20886958369847,210.26033295700472,176.54379150643433,116.39771537772151,128.59026058391612,117.90876777251185,107.87228681750312,133.3069368344586,208.56424082425244,194.79724751160558,155.41564164876814,229.03509957123887,207.8181942158142,276.7172498460962,190.34408036589278,105.72014055356333,88.32208141408137,147.71710231875403,149.53673590653207,122.65979746008826,101.89233370094234,187.99140690485123,125.21237254926568,198.0824060082079,127.26120223274397,368.2126260740019,87.73659623236514,253.6887270491227,146.54421034016943,329.1467174477882,90.97099726171682,113.8054776122994,188.53579416936384,390.76554051572117,176.22976211177274,100.26077495542796,117.67176588454157,445.9810337264971,83.45929142170996,108.83695343244024,111.76050531029658,79.17329377762199,138.36300708135022
2023-09-01,142.62967171336788,105.85747731826964,248.51180880781527,130.38261748909215,254.77850250095887,100.91083351508827,119.51262433035612,145.01944330631127,140.4875717297642,177.60822508122877,104.0811571781869,148.36799389419593,124.31038086128083,176.07859525924502,58.43488167141737,0.0,86.47812324592127,100.87145461323864,214.06620548313032,127.28892429568361,89.18981835732421,73.57122248784015,97.646650340298,91.95415586883333,42.50729148655645,181.2564456663137,116.30494869968021,94.66070470226079,128.04423421026166,119.50842823699196,116.96469725274227,160.18017694227726,111.73941951898883,84.48951177025279,40.341256174623865,104.49158931747412,153.6474846397144,159.72062606952818,88.19367680638983,145.59156549763094,121.1826527678335,97.5371202946089,205.32397944434524,190.56643845455525,114.36586046062153,128.77055494613307,132.5005924170616,96.79782807550308,132.11505064533182,200.5865359388131,184.3764989255701,161.29453065768763,217.43240596316156,198.1789505856822,254.8987871022764,187.34743211289216,105.47543912563366,92.77553910669448,143.82769018018737,129.8349414412832,116.64554475400425,101.20497475453602,180.4261794066572,117.48946151599361,185.8478436546431,135.3265405013967,319.99762269074955,84.99844609225954,233.77812266559985,137.0853199980506,312.1887805567048,82.15313441121255,109.46126147016197,175.21345448428988,348.36996436449954,152.79127939509834,101.1931654953982,125.33694102691898,543.9050168463124,81.71877057727706,94.37557734860607,98.16218473378683,55.11965410036999,133.61988928272442
2023-10-01,146.38333467282965,103.41144977149857,263.82077746287297,143.88536473121064,301.80566916673126,95.57255526279458,129.60599271537626,141.85301073110867,138.5342623459357,152.40444865912062,113.44330812846808,164.28119896686061,128.66447444010808,174.5174686440155,54.337750721921864,0.0,80.41475518440164,96.50738637579265,116.01759434330583,129.47167237420462,98.32029228443145,73.90428355573385,106.53267316214426,103.55363624704415,41.47505473874283,189.30238297047575,111.62959256866003,84.33464315229348,126.6497110340743,115.46039446213453,105.95104788758788,149.6314122062293,95.96180902636627,97.14654191365712,6.497637097186681,96.03178672002133,148.10586972003154,155.7174083449175,85.01024744611509,114.97263310456852,121.43197879827281,91.69766788192885,209.72050418364176,189.46175252732252,94.77517410526484,127.80881625267443,124.20521327014218,92.55648600974106,132.9982555086172,197.7575878256959,184.56877798095113,159.16295800158312,218.22120492831462,204.34985329697022,242.0910933402069,182.3379711157137,109.02638974386608,93.50802768662243,150.41009773644106,144.221206107303,113.62500776658162,107.33357987921966,185.18084147051798,110.81074838728146,184.52410837067046,111.11069640331004,363.6393706214595,81.23196988111836,219.62152144141044,135.518729033283,306.3659961073292,81.87804031482499,108.66656512024277,159.38534567243133,320.9710941598773,167.13876342470311,86.53757409295596,121.67919424230327,494.3034795201282,82.84873743523133,104.60215219939936,96.46589594387821,94.96669816652904,133.00919044933937
2023-11-01,139.676079104633,113.85455705903686,257.399350742411,150.3318748829265,243.92564672027873,94.38325471353039,114.0022001764463,140.235660135063,127.2519361253452,111.74199831678227,103.06558896745868,171.88298063143932,118.35179681325121,179.1792043250355,59.36889432989817,0.0,87.8603740434421,88.58874874157614,22.87046104031453,127.65455149037172,100.13639003906353,72.32758473243298,98.37103202586997,93.49802050673661,42.73358460051739,179.03579066452983,111.51929754717607,90.3714054476259,128.31765435435958,109.49413116768281,115.78839260862893,154.57320748617295,107.85892413178213,99.84195987968357,27.9315850900755,107.08212253115477,143.19525950675757,153.25691727376204,81.7414378768988,136.5811966099947,111.18849088003653,89.50026289352931,200.52392295426984,176.67278640952063,79.24193588418694,123.75611734398828,124.07180094786729,90.52899393924349,127.92487843185643,194.62866842714445,178.68525063628064,171.39267185336837,198.67890723873194,185.62656202845744,249.71384344774705,179.61647190257713,98.8578659489764,82.33544129721948,148.91858648459387,130.38594513598036,111.9173466017872,106.72738560882522,178.08205366742064,109.10119138105573,151.11321119432233,88.03575998752558,269.2960909117915,84.76714907279947,218.63037782058404,122.29000526571848,280.9918133745719,67.32995926783772,109.13727970308203,171.62207194482968,349.227668475625,151.77796717404323,95.28483787612676,134.7942029154594,621.5914171292236,84.06600578188568,101.562796424868,92.7628165095179,95.06725012563186,127.57815129656711
2023-12-01,131.19780865002352,99.08883495125781,248.31090470710387,144.76922909288677,190.03389402346855,95.69407833738525,114.40854073463791,127.05064180757078,111.724733671768,57.73513534611781,96.59636818847574,167.9626935757249,104.98497511255664,205.76069256383647,51.16552168931287,0.0,75.72015488061707,61.7874851576548,9.665368641028355,88.25386440477322,63.058459470449854,57.8761851209231,85.94988222122107,88.71815211496424,39.11225851379698,124.66477304356383,91.9674261481365,72.95924571841648,106.01581286281153,91.16337906299836,121.08423360153017,167.63814668620356,115.34612047348965,104.5004319550799,35.28354988755093,105.17491306244298,120.05415952250587,163.06683306262718,69.67664577383628,115.92360123439988,83.59639421017023,69.94490069810401,183.1616548331514,116.95894782639414,73.52127160998148,103.14567418604466,105.6655213270142,69.38439214063189,106.95342413709976,165.13497162014963,186.76935456462354,129.6340576344316,164.42304325266846,158.25531219959154,201.3250931378263,152.57704096605497,77.83759172192921,61.383624561713205,138.7658801940119,98.262552516559,85.10840697693219,94.11895426006402,125.88837278343289,79.21005069065149,116.48682534345058,93.88927916191331,169.38486952345056,74.38868582397782,147.57650441079008,73.01668758896959,71.27648391219932,62.51982982031627,98.65827625640578,124.29685304350572,231.7031225137041,111.70770752870155,78.20966049613621,112.34987152653194,489.81255064645313,73.0152150456222,70.55260408991748,57.21327921403917,62.86053526446109,107.40382708053023
2024-01-01,134.77059243789012,107.4989810813951,273.0845121000277,131.77743132339413,239.99825178110012,104.54034183240375,126.62084734037555,126.04286534699942,115.35342246210993,51.394868479001005,114.4801787677476,155.92909495856694,82.87694336878856,215.83998617661027,99.50532554885316,130.96883513109108,84.40580323001184,50.774231607703555,8.898635974025682,63.87650401794883,53.74070242807102,50.205010210833784,57.13874537273785,53.525816495828174,35.50775069922375,95.8010265823343,99.39354572520519,69.12052221873012,109.59395421356136,109.89101340603088,118.58597171977185,160.38322803271896,114.3007654434375,94.34242924598804,13.112487813497298,105.73735349843335,117.48545723381847,159.0315251335144,59.13896241671945,115.76300090459992,59.45380740927536,77.40195731206288,161.68760715231238,153.70680797734795,99.33359517356122,98.28835965342091,65.9590047393365,85.26606902004707,106.23879937206101,145.71402303566634,161.53991405057982,108.10281238174016,138.03559764729022,149.927276758641,196.08492794551498,141.6219863720684,85.6091893165481,69.18789745719278,145.02071201565033,107.3764419796476,90.14673554278392,99.0240605916519,165.70767030915007,81.8832656794554,87.38707507809534,93.40382628746251,87.07474311184725,67.36018481572191,99.34656950718299,64.73324165280467,40.31377384238392,54.04751743756427,110.73032083984417,77.31800530953643,127.13668070253803,60.940382373474115,57.327965135109004,96.65493476905853,340.5431861164074,71.2398113220331,64.47779210218673,54.280756725992035,49.981285681462175,102.98323083293737
2024-02-01,126.22335344205533,97.35708139980933,231.2923182526559,120.37530796444868,209.44087193468002,117.15433870780065,112.89822921273694,146.06893390448113,116.83276763274881,77.0781151369691,124.07816020398867,134.7002228384622,84.649327001231,168.8663342745044,124.44442349163523,211.5381437353565,82.6476376240667,62.671469895953,8.887349150956563,108.96899124563066,66.92402612367282,46.350552717060644,66.50980028412994,60.895583040734756,35.346209053525286,123.94841390317431,96.10198338163246,68.07649944065186,112.05714581792945,99.51959251950838,109.04803334454442,156.35072577299383,102.01709550729741,84.40609061430018,12.626280067143947,95.75888231204001,123.67263229502252,152.79929296448847,79.60251550002269,127.93131611740165,111.64552637239926,67.47744483334193,151.7688307076427,149.58830642984586,91.80177091797333,98.55456846800935,89.77645734597156,76.6641704444726,103.05003616678235,140.6020853656316,132.37653658212471,142.03448827510658,134.5473064318967,133.0594745891023,164.95838490027091,131.88652458559696,71.60075484339654,47.66922108878595,136.1593203433084,125.14406531981646,92.03085009663761,97.0030262968632,161.97306342016407,85.48821295360767,103.28720433735656,72.51231447945733,163.9938487052704,72.8769702389762,127.10754481259472,79.33151688827941,103.15762284169905,62.80843928359354,96.358671765018,124.36885905067767,233.53383003073228,114.81631809668608,77.10030164788014,99.24692066881236,395.1741161571599,68.40891939930131,62.97501228448917,53.581943698551875,45.197435225917886,103.75102024796452
2024-03-01,132.17042653444412,97.43494940049756,231.68860925005066,127.11036442693906,211.3912173870801,144.50647548530495,113.07464130242441,157.279492966881,127.98396493267799,82.12277263655278,157.26945204149544,129.96884810684844,92.22453110777403,162.59439463056444,126.39566944895587,209.89432317842437,86.32417703372121,63.05520593305151,38.05657647486502,93.74785130012846,68.64168695519322,47.68746877374276,86.38171990001184,85.10178122249073,38.30508807842883,143.63194219275474,94.42397026017103,67.47718889047815,104.98884258165361,102.33104923646356,116.56823476455267,153.65878647758208,109.28966924740384,103.01860330329531,13.905251394569895,108.32947422578573,139.56239513048013,161.72048854267257,81.59552521466769,137.15818340077172,105.75960546839579,70.27098293879578,196.5629284484114,155.79155977267138,103.95227532275473,99.76650329756974,106.67011492890994,69.10221688280005,102.32671826209037,126.19371557934289,138.83326263713943,102.3356328303499,126.33351268335076,126.84544027038301,147.62257456457607,122.65456878112533,73.7436329526055,51.871725854098514,141.0056424514972,114.49570365803854,87.93599377101684,98.03483275499772,143.81788309746634,80.61993959938253,123.80355734778938,87.59655644112595,201.43217622545873,78.88130437933172,153.38628331472108,91.41063880272598,142.8097060910109,64.85109674360046,107.27288296837094,141.24188407102565,267.9103127689397,113.58234409375812,88.5754965430672,104.00972338969484,426.42258792012547,70.41170172328935,69.80855907793867,62.10656971722946,49.21033332430979,110.46572537113643
2024-04-01,134.22216345515014,97.66575131296477,249.8970170168313,123.50236261599619,209.2981195571992,185.96557909419195,114.67215540555493,155.93344937227891,139.08352576903872,75.32808275489289,149.64021815357094,105.50768657931057,106.13416301574286,144.9896093917473,73.57544908915676,47.40618306972039,86.13423294940497,63.31409355054925,91.46137982856139,85.39038469928305,62.145979376024236,47.053433674394505,85.71114050039726,83.96165695960413,37.15089580871376,145.47755611833293,95.43864273774408,66.19055335239334,109.11795355742372,101.88068998299059,116.85002103742575,152.13637123803218,111.30004885518507,97.92189972318096,27.066469719350074,108.02902965592794,128.97900386288939,156.60379621376956,78.94953231523665,121.33043399916119,100.54497696992716,69.97082470760185,176.26330360003567,140.95832943246256,112.42469482337918,96.30494419263697,94.05521327014218,74.08975504505389,99.57108526396686,116.76270047272196,146.29082730631296,81.28381819126291,121.6302676739049,138.6024284435654,124.27483552055627,114.5296109604151,87.60555888005827,70.29973950528586,135.34738111405665,125.27756201780782,90.12273078059611,100.72618176225787,141.98527722058896,82.9131993669732,143.53935513003475,91.81960594163748,276.51397761463306,77.53855714918541,144.25910626040317,88.4476893539712,134.76120916299078,62.47069629856778,107.43890679563897,140.03822546006114,271.89483252249465,122.21634261580839,83.77104943066371,112.30571488215396,492.9509242458736,72.63941307362724,77.12340141686974,64.87883621832117,69.773925359794,111.29652193560068
2024-05-01,144.15907123295645,106.75473495531736,258.9396205801385,128.78279658994927,210.21900024977458,190.6256694208645,130.55914227726169,165.2200073331888,153.08528722855465,101.63430375616747,144.5604942999171,96.26334728559208,117.0368450922096,171.97200846234776,63.887799279221525,10.981683189048042,89.2777539064625,75.68820761401612,136.2622658655918,93.09902295018408,67.69806192163712,60.855230501079824,98.13298331548238,98.7856398622756,40.70031377384398,157.25494901701833,92.43032468570152,70.04726613723821,101.37430137520884,98.83534869249208,124.1194771773566,172.85116382336403,116.03915632815098,96.10555830280832,29.80815616082929,111.59570792747947,138.7584169205004,152.1354001828301,86.2473749185612,116.5815803514235,119.32648894532785,68.02791198961738,194.3595428189307,158.6601519831728,106.28879575769295,95.03267345947175,90.26394529620852,79.60402358635739,97.9251026107362,128.36574090645408,133.0761731496728,81.92436754846383,147.218936803503,154.19446992831917,154.8998852619554,126.35107669366134,83.11546156409497,65.2367353634252,142.16923135222314,112.3931933408365,98.93225695459509,109.26237983047467,137.67638218069575,92.72510098808462,142.3098050452459,94.58611628725735,242.62080761436886,83.23928505512465,185.12175271975204,101.18864699463035,131.9458768441987,84.38825356096136,112.76449059590578,134.17997855370893,247.37394702401878,130.41050943214768,84.35945922422,108.1021673104986,439.3837890786545,73.57994958801713,80.54530638117258,72.1775141284125,64.83387151610525,116.7197692726623
2024-06-01,136.52758208314557,93.79679411957402,221.42700635146423,107.25179934492381,209.21825343849267,192.96441456099362,125.6798678676253,140.97727075042454,126.91028932410764,141.5444210659107,127.01223746414236,107.14601720525377,85.83057127430031,179.9588301203552,39.27297111008644,4.450672251815425,55.98439605235207,78.67797660557494,238.33271435161925,90.00617686507215,62.77297061567472,53.08087619827239,80.91916055530389,81.23039378641977,32.66632005341299,131.59869993238496,83.58386741161364,65.58568716223125,95.22915312325797,84.42536459129984,114.86827133082728,154.561497124729,103.74451307206216,109.10080093058781,23.931461093863586,107.90277203000322,129.9388275972409,140.82344760404317,78.52866591336849,118.24717027516326,110.61856036546463,62.8928653095987,178.1055365887624,147.37234416732255,106.55301179328893,86.4967572076857,80.68205642180094,71.85410544845112,89.49270641474526,121.1856425468883,118.94594976214626,80.94341172041437,144.14816603281227,154.1446804223317,142.99460936590015,113.53684443164153,77.01697294277797,62.23580560269123,135.88727394451317,91.26738814525075,87.01137124190129,101.49518332477692,103.84586538941241,80.90652881195761,127.79744668181866,88.79839064691551,224.29532899086163,68.17201724554418,151.02556369280077,88.94462801505968,135.84806230881108,66.04178730748302,100.35583480930642,112.46981840401949,204.93895621242694,112.5917717654679,71.34974099722979,100.93680743099553,402.95389844848324,69.46418991491444,69.8511026328375,67.57874114778683,42.720667002651,107.09903168407169
2024-07-01,157.02388118065377,115.34430158850486,280.57595934063744,142.52618863914043,248.70139903125215,210.64781340312436,110.84722764164489,166.56168765505785,153.07664418828043,180.42877627860665,139.48907657754432,108.85347353900268,133.4587098968679,201.05315398017612,54.062278644649325,0.9813304097514682,79.53613624096045,93.98884652874774,309.3824230764484,107.04799704308736,73.44630432290005,59.831617655946225,95.12170559197978,95.08744574755715,40.7402970649286,153.87391366453477,93.79990835833473,82.39267808313227,95.2257063032436,100.09476590673604,121.03785654335451,162.09589052403334,111.33253384630282,98.76574123137294,32.92010149089945,113.94770783969606,145.69092157724623,144.79872245700327,82.22702195764494,136.81050341746885,95.44479150390099,78.91275270720455,205.95395266481634,171.49502015523092,131.43712326892407,102.0532238264844,96.95834123222748,84.74833529121787,105.24800264812701,141.21154412029387,145.809772166606,68.5492704676785,174.4657914492414,174.40441705779227,186.53433116247706,129.04552288913655,88.86772384780434,73.87793471752482,142.21147022009063,109.61788431097813,101.27635985033315,118.1832971388582,137.52446693357393,92.99989508720044,161.41406699907301,97.27993846418303,312.95226239442434,78.76593135380244,190.3547859150102,116.83653546418124,212.7871611104293,83.14497386700147,109.94776347630467,145.55286615585592,278.50212125326783,136.6086652373515,87.63175645752742,114.24827048789376,522.4308465967948,71.71235289685833,97.12556763016394,94.13016717516368,78.99180086172069,125.07966878235287
2024-08-01,155.27783235818634,112.8031047545225,263.2145100965542,140.0004919814713,260.0294530994671,160.64687293495916,127.6341744911184,155.54044611240025,151.61096742282461,189.1897719840422,133.09437953978107,135.54396930514181,134.56855110706488,189.81824118858896,60.574682930545556,0.09984881096179937,89.5969096192165,94.7447004465239,258.1885169099242,112.21014944468737,78.8304285203883,65.19934982033689,98.22928810544414,96.62442196745917,41.27523107981859,166.42723306837047,101.0362057759486,82.73173640179202,109.99395396517014,104.68399112433235,122.75658271517942,171.13240209928776,110.46731930687919,87.33805541482764,37.19856598380919,116.0676087407534,142.99457235492753,149.57868089637424,75.84866501759808,116.00194852322102,98.33023066134427,91.2186563055382,208.9303185233165,174.62683877029892,113.03361391561475,111.0263392463176,101.39408767772511,86.47137516306852,116.0272865947562,160.80822759558671,159.9809323881982,119.36955724862437,175.1548153081236,173.6022159500861,202.81280373884124,148.40707511819656,94.38065094790575,79.60927933820321,145.95421818999387,115.81217264108044,109.58906302070793,112.67183615899403,165.5644339709322,104.65858647332894,160.44535522525257,99.30340027969311,296.46467120924035,82.23718573074659,204.10450691046708,131.03486588091886,228.20374920960782,102.31996319762855,111.64377648404945,164.8247600855905,323.04135714671344,166.63078923820564,94.25726098027619,128.10412668214175,634.971448560173,75.28446240710258,98.26813909954937,101.5753474675061,67.15931860609665,128.73308622570693
2024-09-01,152.47502033643423,112.61935175004847,253.93326364334405,133.1921529980894,277.6288015236706,196.13022816549096,114.84183455234364,153.18715263913785,138.29220293334512,178.48557256712454,125.67583562037876,140.23394672254727,119.73476646289483,174.67853768832495,56.9295247682963,0.0,84.25033675823374,82.27867857393515,130.77030449231535,111.9411174258221,76.68025886741631,61.61187557902285,95.26699324627452,93.90924693057626,41.24305157821266,159.25719919626388,102.82142288122886,82.27318983647069,112.3936029497017,107.38425312006466,117.55886732571999,163.93264458425702,105.07872350186511,87.51776108434392,33.549394665992956,111.44823690557705,139.011800222744,149.4023134770222,80.12405202984164,123.53089870846982,81.98368538605,86.11375966482194,204.44068472689204,170.51612621002542,98.23674924993374,110.29198228249908,93.77858415876776,83.04724051886426,116.97470851919684,161.80378057956196,145.50574938649544,142.38033988176414,176.25790585802994,176.01526458215318,191.09988229808016,147.75145920367748,90.29349736053054,79.11433502615505,140.13816996228005,95.80008043110296,103.06180518364513,105.06952190901586,184.19493828089915,96.75427108738512,155.63938980824648,113.81722152834693,256.3713555210859,79.59481108612745,204.62899588061316,119.77898957958809,237.695540696758,79.40407185491175,108.94793633207462,162.1800993712164,312.0754939397974,162.12876609069474,95.55592399177463,115.68389614755432,545.0729200633804,70.93809560435363,93.4702476208213,100.19344591826187,55.37845903614324,125.2367363093782
2024-10-01,157.19930076377534,117.42462752591311,270.8535507001939,146.81072248924232,286.95608320423617,197.9589505569706,128.36620366674586,151.42293276876882,139.58179740986557,135.57922375832345,120.84309947795848,159.76321535863175,128.62144932925764,177.07994568956332,58.13779291799096,0.0,86.03845986167326,76.24612819025289,40.91401184156258,113.22320402147625,80.52019435559882,60.88687667431407,106.4164280378952,108.69790489012324,43.9026479801955,164.09374477825943,111.03193322276502,92.36372401135039,117.98515508030489,116.86383476277047,119.31802516834185,161.63286403211902,115.35144419501755,87.26378591490462,31.97177226235739,106.27343232891755,143.58086631772142,160.46392886180135,75.00112190453716,131.00742929241238,85.23092785831764,97.84182224421838,212.67364145432788,169.42726185688818,105.99164515257988,111.76825860448584,83.61919431279621,84.12674424484797,120.76625129186317,163.25633589284936,152.23003689634885,142.4828451953372,172.97376986008302,176.05806090694261,195.11155941720747,151.48518272122266,96.68891341042287,82.05015159476922,147.4431916352484,118.28102451322486,99.79256690395611,106.9696585792615,188.6814680826904,91.18506459188731,169.85152637651797,109.92347895534478,312.91354063504394,83.03756658088986,208.65568682042928,126.55160815265387,268.1801470504127,79.02659027468876,111.31670612368818,166.70204750530283,333.49370623519565,166.00072298530173,92.65274286510183,130.4555704299865,688.7655518469398,72.27516599873968,100.52925879913916,98.77222236298991,78.73394913104678,130.31068482170932
2024-11-01,151.84185673407873,105.70630758568333,248.48026254839718,145.30160950930048,270.51665089247336,166.1250280762385,114.51343599939811,143.97733270540277,131.4483767061834,101.24061334170713,116.44294155455478,162.68831723504337,121.77483059404554,224.31303537625803,52.942821694366366,0.0,78.35039155579754,73.29485718816181,11.925566167177891,109.31419810033917,76.78983434460677,64.4957322274379,96.29625904748066,97.16780216594607,37.135439864080716,156.35063848169005,103.10284129976613,83.0156374736248,112.91298420721382,107.12527693122543,117.7191588095402,156.64028752054404,113.67012702169545,85.85826639777784,39.6432009002125,106.44983329257123,138.73487400731213,156.26537618359683,72.64104189331148,117.86289139195782,97.07527761943884,92.85534256910061,201.64331929823467,165.14955993032925,104.80321413197314,104.05847589912736,82.76542654028435,82.52768593675937,110.94405435346543,154.5573210178555,142.22524104429354,130.19486178154406,167.74305991383204,156.96501390922663,188.2438034856685,142.72058497033447,92.33520219379207,78.55989135199374,138.64325675249617,114.0928231992698,97.73863447099517,104.31301602809017,211.68894874554093,87.59971051254617,162.97941720073914,113.07795897302782,281.6085856694575,78.24871445736731,215.36437282418822,126.49586678810063,251.7562020276157,88.61388813302686,103.48729468882884,170.25586068082805,342.19793812823895,156.438835644841,95.64303572970604,131.0869150490599,718.5338113999669,69.8702090091011,99.06200792091715,101.30584675508332,73.23362523284479,125.39541977505472
2024-12-01,142.4003649509738,112.080569898318,265.6283297071593,155.69955530076274,227.93912395886395,170.92219050611146,120.20482382704446,128.09447710942007,115.68362311106213,60.13053599632639,112.97093378372436,161.7465331126512,103.06343694195807,199.8916309132486,46.36823227905867,2.237451033594704,67.54685237616194,62.362370187776705,16.30774588224377,84.64485071128787,66.88389820001684,56.60929231782788,104.37434628338563,114.05498623889284,37.73214076133066,135.06323592754373,92.24101739660304,70.56846867583268,102.19608693218142,97.18979231236831,128.22598685116725,184.92407450020818,118.22353851230525,70.73708447932925,36.44487980892183,117.36269054442998,129.43463258810763,152.95432196625856,86.4347142993453,108.21928484105638,114.61350959365154,85.08493035069455,180.8416065445821,129.0171146732751,102.66485783227981,94.16656889388261,77.15008555687204,66.58824908703237,100.98968348094041,141.47795473161327,150.71814925148337,96.9668844016575,162.2034308885501,138.85422852855828,165.32105560301764,132.06316811617955,80.02731294793928,61.531249740723126,138.322650188969,113.08759743791293,86.03707693290058,94.04388376218235,166.69099001929234,77.71742680926465,156.40801304951677,116.09696262128223,266.307478211591,71.8475297665365,195.18160781457757,122.36237094478501,230.11614233522334,89.2934294683535,103.675369074266,136.28059476028773,242.16107934775332,130.74952289226528,89.94285068438495,121.93987655867312,668.0647059094701,65.02926328083892,94.29431362510384,87.73927976993076,86.91022440492091,116.72631144153107
2025-01-01,144.92034751849178,105.19000489391401,273.1204791110577,156.62985116567552,254.47433264596512,136.29548622735365,139.59321399561597,156.01028032517615,123.7408554621877,50.59927483043804,103.74127983701764,157.39564390345745,82.23699326759827,231.77367111434745,111.1750223496754,193.17211914968476,71.82413588941589,46.32468569634137,7.989618105700971,56.83092484091313,52.667337497972156,43.512719505735134,72.17827535468173,73.55072753248348,32.724054455385705,108.86666013901977,100.2635304562266,74.4037419679597,109.00902746149418,109.19959354104701,128.35206564142328,173.98766991327764,117.51730434377762,90.916319963329,28.148417265852526,122.48336965123292,130.21212866749565,134.39236327108745,85.90455511632703,81.8400811682427,112.90161542534025,74.77526774384631,180.98984918232622,170.05859224212486,96.94230714029516,90.93491892496705,51.55740758293839,71.68494049571044,101.05006189766243,121.97203506660234,124.55476425575917,53.67608938847537,145.36925983340436,150.91416596529848,178.13747536890494,113.32808731371574,83.91086115380716,71.73781764635297,141.22566984944706,86.89642304521203,86.11809454142956,91.15278161395518,169.8536906150696,78.59817897657173,110.5987092738396,97.2221352465744,142.28047312092616,67.22723982492414,156.55086472009395,97.17784917992542,167.81253486617808,67.49289813088619,103.32295374867654,94.94032530674959,180.8933723431518,88.64529074251183,57.561181498335365,124.61757101151123,706.236126140618,64.0082251491137,84.33736201585634,81.12635311021825,67.90404104766516,110.69834791845845
2025-02-01,140.3289772610975,94.52223531384875,244.14789107614777,142.9854556641511,235.0637647050445,130.51425068854238,118.74655953124622,162.26098728910648,129.64289358694978,86.71915772114443,140.00276945930693,144.60540316874395,87.05064457229581,215.57348704067755,151.19873801137607,298.94138174323973,80.29617894869384,65.89799253208027,15.750250923163135,99.73166778012252,71.87605648233958,53.802043879614395,74.96525315379789,73.72693634049529,31.363764523118025,127.21578676715912,96.50574591052359,72.10715238539497,107.0886984164251,102.68101140199309,100.86642312358023,149.58721645002606,92.52865070427312,74.91285477283628,39.96776098490191,87.10617788456268,121.28666559705856,143.612898187308,67.85795184413153,89.53303511032752,96.14310382809084,73.67320117928519,170.5805860088281,153.1005932271521,95.57649186937972,95.25309160059152,66.2166943127962,65.89163820066989,104.64276231700126,130.90943257406502,118.78710906578655,96.5617861243126,149.67992817471517,104.74879266850215,170.9172898474429,120.75628436204983,63.82086852533115,39.76095935533293,139.11448233320584,107.35880802792722,81.55688698404961,86.90090327428521,156.65308331840646,74.53027211946595,138.24377348679153,90.18776118124154,249.55148330072095,72.28189237294848,170.61158389384477,108.95672843596178,210.43263629694312,77.13299036385585,92.92381471174099,142.5313268276836,270.8089771219775,145.55445898638473,85.11201312790881,130.14992332336266,773.7892269416265,63.07751509358647,83.45377258957329,80.9949885010202,65.5772952347904,109.98796727193977
2025-03-01,140.92066198420423,93.39770442937329,238.02174201533478,144.32630058392425,227.73383721357425,161.98115754466852,133.543495959635,172.0921971464256,133.86560308517372,87.53751125200473,151.6384859531002,131.61956754263824,95.08809730331252,177.7365815610663,121.85755744983426,221.05373236840197,74.25273278106437,75.8666048272067,82.04856896406415,105.4303557665504,73.25711492645527,61.51818191059975,94.59221654911057,98.88996105415538,31.129626120082904,144.7253306047344,97.62745568557413,74.49370108355615,107.44001964911322,103.69714857376366,113.03478535021058,166.06660066864876,101.30774023334708,106.58182667818004,30.334538679843327,98.49771935478643,126.10263050600626,146.99346916695617,55.62878641548146,106.53273338339608,66.5965731424444,73.17039833269655,197.64228180824372,152.39256298227514,98.63561300117004,96.4989793708427,65.13424170616113,71.92102247824018,105.73283994531874,139.0726862460061,138.4157711593671,115.657738701312,141.17007098583082,125.56499495947828,178.34363734165473,127.93700271505412,89.20994482344268,74.20868987758891,151.46154240353172,101.19099211711843,81.45448634389388,86.0227552195329,145.48113781873377,75.45954200245617,151.5651790304639,90.51146472110386,296.4000703719083,73.2103191625918,177.46477869810371,109.08445936328461,210.63191686719688,74.13430671257764,100.17057609446888,140.85437932713702,266.8579290640432,143.5206081549069,84.49290585776397,133.48042079933575,829.6686443238725,60.931991157918496,92.70042779005617,102.41294649731127,56.28706277606387,116.263022188913
2025-04-01,145.19610714215136,103.47704874993913,253.45625083673892,145.6408214499791,250.72253548115472,172.32859169491263,130.58127816929485,180.15212067258605,147.590606767369,92.38831019088302,155.64147699184193,114.79423320055876,105.52824916142744,172.78269447524255,92.86771030120757,120.40045491681806,79.65458508592451,79.16644486254324,127.98314600978442,103.07168203951852,72.24655765404425,62.51952395309498,92.98780594976915,97.41364449805043,30.81385324208423,141.18791298805886,100.37223440660985,84.20756560380524,103.41635204711405,108.30196349382165,121.27720592405618,172.16714820924545,111.82478847563276,86.91089419119716,37.05239304939234,109.59529985065929,129.35599812143784,147.20284205502762,72.16021004205876,88.78136564826978,82.54407066566908,81.58248263375349,194.03531587073783,166.51840392603933,96.7412272936073,101.60943587837961,68.26694312796208,77.20944950350281,111.20558666676227,150.095769667044,155.34488291320545,112.78719880793014,159.4755411080633,140.33495859357092,193.51958964841353,133.15541978869405,93.79127766541784,82.56513877724029,131.64447121584342,111.40901672831423,84.96684347180825,90.99026348152793,118.70195986160239,80.57516917320392,173.77246857238836,90.87817201098356,358.641661280194,79.67417210513749,213.74684533680076,113.0376505751139,230.9466139632094,72.16391814268628,103.35912054515966,150.78780299996401,298.7638688133744,161.74927232622687,83.56760113159952,141.56247287062814,874.0928390491013,65.22689876129742,105.4805188216773,103.68159357580986,95.2261030738888,121.50579035387348
2025-05-01,148.45278431715852,104.49815599796801,250.55560217980593,138.17352747176793,239.11608919456103,193.65147602133732,142.42771902721321,179.5258352992333,147.47762103301332,116.06122937719127,152.57381171139747,112.45384585266216,109.01578193967596,169.3708682603534,66.956179369298,52.799109813672196,73.7502398718567,82.26610080647576,115.34127021054317,117.98373937636816,78.02222774978182,60.53242165876527,92.27636109309353,97.83679080931564,32.41236839777405,133.16637378312547,105.64090313464573,82.91853220665637,110.63230226689606,116.09837539141324,111.41254479618745,143.98637207965405,105.62951599088272,97.91252945457076,34.18782016209405,103.23346017859042,144.37703909561807,148.86733246107298,74.47680385037619,120.00871397279529,103.5354032370608,76.3411583062566,221.6258529568603,162.28541451084325,106.77659150355876,104.02653433435749,71.60616113744075,77.11704185033247,113.76269461575119,149.16504178716025,158.74483600439075,100.24008699847177,158.66793837288228,134.46953715533633,199.8747200564105,138.69927950507812,96.3661140135326,81.815837311703,144.5271143883391,120.0930386261479,85.6563710371644,95.20120624822772,121.11012426709038,79.94499388179396,156.91105729309334,98.84692341022765,274.8849363520607,84.0697989677395,218.66466656090356,106.60145981987186,183.05844668182885,77.82771239259672,105.5390297099139,162.13409706668227,314.06747310646824,175.00824157202373,92.90311353060791,146.29449632174627,931.7975795846114,64.43873771567756,106.18948705973018,115.01245753217738,76.07850910310238,124.03478105720558
2025-06-01,142.3599216086384,105.17629501544768,229.79572965769054,123.89003153825551,227.63736419403662,202.5797395317774,139.58390208774014,162.20741308568535,131.39554224863411,161.82173471930608,143.23761597639893,101.07175393059465,98.80058721406974,158.00690441648152,52.62400273124854,22.45028954127127,67.10454421577454,82.81280205210852,189.3164978178114,100.46924047860996,70.3747262884251,62.06428789451079,83.32496518851362,87.72149461623539,28.56874919016065,123.65553336583993,94.99105286320174,74.91462699338781,100.63200178752663,103.03998904191714,121.42308268045456,162.2415366450197,113.56316707252958,97.21491896085088,42.411205537670824,112.30111419349026,134.56063180190066,142.09874209379583,80.64029179543184,109.44764562896145,111.74728546166438,72.01879451615788,201.83304457414025,130.67553186098195,113.26379584532117,96.78524916917571,61.5262766943128,67.4549928638003,107.38210296762378,146.44757687927958,151.7116979296155,96.56694381279472,161.0867171991337,129.1809380079341,193.76372840795182,137.68150863591225,82.51274735110498,67.53230161326455,137.39107099376488,101.69665651116689,83.53235521343177,91.09068186797452,116.85060940770862,78.6462611709271,150.1292453785341,97.84308739170338,270.67319381967235,77.75139179335622,187.4086722422802,128.97454965680922,255.29249272920805,92.59644550994047,101.58232390050358,144.81569744899735,277.2399072488308,164.86372897225667,83.312826499094,124.24608871090736,710.5863578332754,63.14470215627749,96.47793074609616,106.6096712993814,61.474504472921026,117.48117186410738
2025-07-01,152.89525195398943,116.47086493971497,277.04538762202316,143.3527771874498,264.1802312864685,192.24096017723932,119.38627216460932,167.9941575029334,151.69960228967,180.01928820263367,142.91441534966773,105.1209565619912,111.91863369724588,187.90764280907774,55.375998309787605,1.2042889595954922,81.37331854658582,84.22031768199192,258.46637770485677,90.66219283162309,68.67449352642976,57.81242002840886,85.03195603641392,89.6862172641376,30.691243262230227,123.81968523296015,100.05256599605592,89.12588874099143,101.15719180556574,106.3348647359371,124.2094088223948,166.23644723810827,116.32539052682374,100.00588232254705,50.40120524317982,114.19154010663078,143.95982961248063,148.1459002001375,72.172685068584,115.15484234049157,98.4550304104675,80.39096101050087,230.0574778800738,146.13585327102962,118.4510047226551,102.93602540918326,67.34857819905213,82.2017930428971,112.50243774304889,155.98636529353087,143.6774185230031,107.17550611521857,167.49112777049808,150.05758547455787,225.07365494315235,147.98009308570974,87.2482985485015,70.8185058754915,147.9961693107476,107.73331001357798,92.54436380203461,98.31204210374752,143.97465739155885,87.01349779801983,155.68706817379493,94.16305047086738,291.51770718015797,83.06981130844858,192.38338438611126,138.26756296690633,267.11510850549865,101.81439043175817,108.82575988822582,133.24201720699102,241.53361022717493,184.72541798068076,78.32983504379197,129.08867844478712,725.6759577673307,66.91947075583997,108.98974781393864,116.72138111282064,82.94068147700966,124.22300570562875
2025-08-01,152.01490409613365,109.72162391252458,253.20203430509923,134.90598827481514,251.65084290179846,195.15920882926915,133.5546379785863,157.5331929265532,135.71797852275694,189.87194749942495,102.64350765172932,121.83680948511423,113.32094279250246,195.43370050515085,55.09129597499931,0.5084370420651834,81.28592930189541,76.75517027903567,159.1333822571457,94.96860839342358,63.851844498010465,61.12282502298605,83.7491286108325,87.2728387922544,31.105508637120177,125.51140033209543,101.4633865796291,92.15532481777932,107.39533359954711,101.98624589106929,128.7140326180718,166.29112109977723,121.75717321202812,95.06164815776616,55.6118546578402,121.68815925246703,141.6018857272897,149.2724249556896,73.20205827738238,119.68573088656177,99.22180930864255,88.40376886252227,219.0661988826543,144.60718432474602,114.64340450255168,101.79972917437433,61.083163507109006,77.56980213995698,112.80951042719535,156.0506985335403,152.07324904154964,102.32424691644907,172.59999696197593,156.95552698107062,213.86615207621495,147.34791020039899,90.43978430711913,74.77770165142338,149.5055627128975,108.82184628408595,90.13387647201753,95.98662797249503,145.10780548065767,84.32840996791444,147.29347143929974,100.24436923511216,255.61672542960505,83.49389533607035,179.09648799828418,126.31517957869396,236.612515528033,92.76281419362053,106.5043946889532,153.75842828250336,292.90391272710474,201.8313904715203,85.57997890601936,124.31937671512175,701.3750064306978,64.18552449386436,96.7717459824198,102.80207452293463,64.22559807861788,123.32131738437468
2025-09-01,154.4770049042318,109.89308078719777,269.3981540344572,139.36865096162617,267.9714743547601,203.80399854476607,128.68247470809132,157.05663213686853,129.9088747428007,180.22967263565997,104.45973052307096,135.91386722852667,127.26089625304328,189.81661386381293,56.9615883398844,0.0,84.29778782540784,65.22538410443126,105.37382579957665,74.93201595844673,54.994777918178016,60.50311817018823,82.86514232606945,86.37993064478053,32.19015744203223,122.5437305011357,106.66468675420269,99.29983197692019,110.88337184328725,107.53783683206775,126.49504210487967,167.5654123531046,117.65409771309496,89.16794022511438,49.34181880743543,120.22083072257045,141.73836915077416,153.66426888502764,71.57446510126648,121.72194387722054,106.85468576112984,90.35937613232092,204.89536246336849,160.28586332740107,120.99621701353712,99.61862053256208,63.52182045023697,78.8505308338311,109.28848315906676,152.91137854652555,144.60320129142576,94.99098330962153,174.8535712372673,153.20909448073715,215.88653261791092,139.21350510571924,89.69924136898528,77.71177473675719,148.07014726145954,90.72729320544425,90.40721728127484,95.25010984735852,132.5158549724771,85.83769548493406,164.54493710048476,105.61227821626856,319.57080205619945,86.19205202470171,163.15039450883475,130.84869581376194,226.4547712807528,102.25220360819894,112.55838039917595,158.9118074674239,304.2741774573487,191.07481356975654,90.0634783128262,135.47619530911487,789.4408384423522,67.32780339846936,96.92059925680941,108.58387002264826,53.456984477068666,124.89984718005783
2025-10-01,155.3815893242686,112.03825227812902,289.95501071523313,150.13225047891441,282.7639038542388,199.11625715724463,141.68874087095168,155.50677102916404,129.79386423528513,148.50631221658205,124.84239054840097,150.5703166120145,116.20337408976947,177.06902343618108,50.95307376687286,0.0,75.40575195731839,57.636167073717395,35.09361708944446,73.9532932816097,52.8826878043134,57.902796156837844,90.23637309389729,95.80652785906143,33.14645138469144,128.095459795896,107.17190642301028,99.16493987942316,111.73760078560643,108.14130790571829,123.1457160237378,150.42686074086131,112.2403043914291,98.59636854664915,47.85118594626934,125.62899572794095,142.5531330944485,155.99547548761407,88.6634932410663,91.65905762787757,111.98152205844355,101.67270265810964,211.06248119638025,161.1801575608485,113.36755776933751,99.21321335552945,59.59513112559242,75.79372390286996,109.90600878274307,166.45092461086966,157.82075302118517,107.6133305813159,187.19364125572727,156.53131270238168,237.24131912209327,148.41704178901153,97.60084569415167,85.00278296552986,149.88963244702248,107.65276901516344,90.39244714094299,92.89728527630957,155.9281167164098,84.99642437317249,166.3827189584313,110.60401238438517,323.29353918846334,84.40597137177497,156.60465091863404,129.63881973672824,227.38714033109682,100.6365036710978,110.39898339790582,158.3831052908218,307.7025779612857,210.7885421462281,85.1120333970035,146.5228021813256,869.9502275048542,71.1358279503461,99.55225016404718,100.39390109978005,75.4568948463736,126.71079320832828
2025-11-01,139.7333295615829,99.40710222541152,247.0450611533487,141.7117638158173,232.46288674338805,168.53671006729712,117.33844696326385,137.46324579954577,115.85475935905677,85.62332395810311,108.38313929434419,142.58250560583133,106.70379502917002,201.64813972461388,49.957302828086426,0.0,73.93210471947003,47.10621178595289,9.418462732281546,70.7889298109703,42.516367352773045,46.57751611145534,78.06901702190652,83.9604215019865,27.255807161660385,107.79878633325796,102.94537920545439,93.10542281908728,115.13681885579054,97.76993259362271,125.26449053925474,162.983504277446,118.98651721860006,87.82016087775311,50.80140921694842,117.981300847131,133.565186448757,140.47235236737808,85.88588655083555,64.07998698711044,109.66299429882525,82.65317673530534,211.89132033882157,149.13990069726574,95.53675573467439,91.48828250592669,54.633093554502366,69.038684518782,101.51983293688723,150.5013211674015,146.39669525733615,108.47005382723684,162.58430316921874,130.6775490089936,205.2518441018282,136.9544859341964,89.2452643523441,77.20693304914295,142.1130512978195,95.97525146746052,81.49528788956908,85.48841294325352,159.06450390749808,74.75785026464762,132.58036159030297,98.60274106119832,232.77595450528761,74.50678124055648,129.8372354356313,109.60746792461615,186.67848839069975,83.63971438796892,101.55984412258867,131.00029703320837,243.96708272642823,164.3585153417446,76.39504911047355,131.89683791997936,807.9853547551556,61.4429598772431,90.41020408935786,90.9434720266789,69.47894451852655,114.41216425620601
2025-12-01,143.6538301814007,104.00186614368529,267.1963640400553,157.88774942848426,262.1649833750108,153.23860249489022,125.47981996200267,139.86057313062113,115.94335449639978,52.14721276505882,108.64688541930194,155.2453974350977,106.22992931932073,219.0684145079209,42.844978849362384,0.0,63.406534854273104,45.915084264276395,13.967656197860249,57.059914141195115,41.29179793321972,50.696218128871905,86.35560081532863,99.75499831840148,28.4724940291632,91.80455871494287,96.08695993557221,81.19849002153401,108.44958738228058,94.1423283591679,133.38129653920072,186.30903776942606,125.36357646170342,95.28499679198265,39.42787527841024,119.72540300234193,130.05390888745046,150.25963786149612,82.03871095181356,82.46237961041032,106.36243255472701,82.78257849400492,202.4768304101748,128.07993620116244,101.50301090164763,77.74202343031364,32.93399289099526,53.92484482558832,89.49561492424563,142.40381950999236,157.41368868134003,98.53109225960682,154.2563436740744,119.2722115343164,179.26386963217087,128.4949790498131,85.68791195766877,74.3878885208139,139.0393749303062,88.31359026821967,78.88614396695408,84.9617811153643,167.89119215544628,70.64612170211626,132.9121466852517,123.67754765028357,203.16867060072977,74.41240204537233,111.27022810577867,92.2901853711349,112.3143149999553,83.15980623353653,95.67479979580214,107.29868294354483,172.49509118008908,135.85300059049476,74.560297420238,117.9680020682746,664.4334736397949,61.0218911227868,90.20271434214347,84.79932238485482,81.34568529902951,112.01647900248105
2026-01-01,143.18604557250376,96.30118465105447,240.1378826818198,145.04816871424003,239.0512849494042,138.53110364378037,146.84149851137434,155.80439936446822,121.34475247516772,52.72800449683874,112.51256395925013,155.90485257963218,84.48707455291232,230.4824178578149,113.7194448080898,181.61629003953627,81.13535156599642,34.306724601690995,9.998826424102218,36.36469501861832,34.93313276138876,37.76494614668983,57.06056297899605,62.3415705272928,25.81068292939025,68.30046223785327,100.51290144296372,75.120198344827,106.65048398019393,111.65792032783109,131.18329430757422,177.2032495407374,123.48377178881982,88.51901428873364,43.43930772914887,121.78211158145943,138.9479237348986,142.91133093833787,79.30260580280968,98.0429809663898,96.64460529484694,81.55037543716952,210.65842186507587,166.06655852321677,109.0290218477563,83.76926651608115,36.22040263033175,69.95544685392606,94.78278486342933,125.95331582833184,125.54220538093736,69.95682413144111,140.37935326863408,122.12618513232793,186.54262140510343,118.00084537626326,84.0241796652653,72.33516673684763,150.61081133087194,75.44712608408014,79.37593368066906,87.15233875712718,172.5031209251566,70.27036234052844,88.98421292275684,94.24299114860133,94.24864869043262,63.781709708375764,100.12192890720509,66.857302603068,48.39988409867023,60.194062357898076,98.37697690163215,70.91733111113112,125.97279606737861,85.41588165698995,44.53638878243772,112.72938807808238,660.7170080675141,55.62465698696559,80.01139597862998,80.44057978939556,57.178586065889405,106.50975135099934
2026-02-01,129.87328555204525,86.96344398994358,218.6606443585219,129.08199225514127,229.99629171295132,102.14368957681681,127.58541784101536,154.7347088123576,121.52561765795777,78.63393421138403,117.74550761195592,132.1120546573776,85.26164867589995,195.07780488793375,128.9302568211791,246.9618744249257,72.28619301518754,44.82867143880543,28.513974228500857,68.91046982552987,38.07599655580471,41.47862965894685,61.64137574063204,63.76725716738929,24.341887072506747,92.80643802194108,95.02602900890018,78.8978219040114,100.93679600609966,100.157706097849,120.74191283332682,165.69165276478785,114.52017739639476,73.32788901286972,35.07810056402777,110.91007505431492,123.6772673816955,127.67130855294222,77.18332816494524,78.579170273661,94.45717318480706,68.00977194095309,182.390457838248,156.01528180423318,93.43535067976825,80.34341153437742,,,93.3958797388174,120.30687565396198,104.09649028075101,84.92750163311925,134.47688823189398,130.04730746031123,168.71022675011852,112.26214757772867,56.22013543968207,34.46970953342057,136.06178010104134,83.91251778423816,77.12875026089384,87.43672592820943,158.85067059505673,67.95052051788203,98.87225101905521,76.6910859638308,156.80293979662204,62.730910030327166,109.38374942765641,86.30459343995673,128.79152081387898,68.11991148786332,90.75691851421425,107.50396662216887,189.73854695665204,142.5962463988512,66.33149268137348,103.02475558781474,571.2990351222358,54.2267976883,74.20334426535496,75.58841541861486,50.05760688975314,100.29693181547239
2026-03-01,152.21051476155736,98.22734736484244,252.23094065781044,147.88817415229738,263.3926152415223,170.86662547517082,140.58483743415738,179.6374078950052,144.78126579474983,91.06160569938206,155.62887715377474,139.8189622747354,102.51747405462584,206.10329521609233,154.86322605966367,298.26229844478746,86.04517229738832,58.3143636747273,76.15257999665529,88.94412629355445,48.19806736617236,47.32619456341836,86.29565320802826,91.88430224700257,29.2653631513713,124.0118964964204,110.51198370361121,95.36731393705047,114.92260798521629,116.43338386955327,128.28258719348494,172.8397802434652,118.52231537492148,102.7779202041773,40.05716845350374,119.62207925906722,145.32778776785707,144.57247102085412,82.92588208724027,109.18104678242591,112.64187668207335,83.83998919773443,208.12096801439682,187.5635881510356,105.24083844955804,95.14277961281475,,,109.30891342834838,148.7613775410141,134.6085450614241,114.84312926151678,160.30501761654222,142.754694691891,200.85903375649397,138.0161635271484,80.97979865663989,63.31411197104001,157.71449301593327,91.69421067507012,89.15052601453547,97.21981610977066,169.67053006988144,80.8188535719259,135.2416472020088,84.22734981428722,255.77037366167633,78.65296347492061,144.24918914326946,107.58813939666628,181.98879554390743,80.4366136112201,104.60549981621205,150.64549997005517,271.29182896282293,178.8127107526514,93.30966691351489,137.1639239225435,867.3327558825704,61.07444073130586,94.54795309629797,101.51456632884633,59.50882060432222,122.14879019872029
2026-04-01,142.08866800787823,90.3591869017023,236.82794417858645,130.91049214659955,248.19524069799422,181.04921680352152,128.44493461490003,174.01058774412928,138.28995238361813,91.55656707813132,167.42610132131708,115.12335248033718,105.20185271777349,172.20536466078238,99.35671593041918,144.2460324138246,77.81407033498463,58.86948934985327,76.57477595044712,88.43461785912963,46.708504790486266,50.183339390203656,78.10551991967989,82.88893379458366,28.673016054695594,111.05494569536386,106.05928539375802,87.90494014008806,107.02027107966956,117.34304894487516,127.99351171051897,165.31037874249733,119.95638159766409,83.13047241842267,36.769384095315885,124.69601035603635,150.5900401660239,147.09891007173556,88.68283214360868,117.47597930125991,109.19021694021232,81.80304512043564,227.7681686368264,175.3625320489747,106.56858815178217,97.05163130127357,,,112.12851125108497,140.5507025190678,147.77127244942105,106.00896591783733,140.64011167136894,131.51849910904392,188.49758115970073,130.84530179666697,83.97528934483064,66.62415300660884,152.82521019128978,100.95705301229519,83.70926910468783,94.14473020754181,153.84914245334272,75.29028134646994,143.16823571126727,97.81762955027314,258.74202096294647,78.47644346706052,156.31253560453885,102.78813475944365,174.1536906144638,75.16580283117834,103.55306766823584,135.19845850133288,249.26190069332407,167.71603989856808,80.2163502865559,138.23661147165353,881.7670573229457,60.75474031329585,98.94972577905403,97.22837786751155,85.53107786927654,118.60972695256136
2026-05-01,143.8816031082187,96.56871041985991,219.19529871727482,130.17902929815133,227.58891822507357,213.70092170486595,142.85694720728952,180.938578202089,138.72673324501147,100.85995180711915,148.2303739081889,101.27438481810583,101.00334365815378,167.58471390262994,76.82946634817043,92.16798237535232,69.46842277211985,60.80858751700233,108.16392234819354,84.65308055941912,45.88909148580213,51.2441920058671,78.92526936089965,87.9495556866125,28.815930031817757,94.58546962433729,102.7118776626554,80.26159966380202,110.07707957033249,110.68961021596807,133.0098839004857,170.31216677081528,130.71770713890606,95.85598325301493,46.27361934092913,121.79738302997997,139.87492628300026,150.62064198704903,80.32519483143373,100.48280241100726,112.21162410806085,79.11743296558734,205.26277633097536,163.9293885822515,111.94096120002706,93.42917695531293,,,108.42123864329675,145.7615671488699,146.9156955091396,98.47437216282687,159.9909179069933,124.40438417905622,196.51206119258566,135.10643151616205,92.54821050189759,79.18444191780739,157.74649902243092,93.56974113725313,84.44051871846916,93.95260387050267,132.94657253012326,77.83570292629949,120.35374373964159,88.3345257623668,193.61262711324935,76.11817604516824,144.17399783944998,94.38868159386332,125.50687973486195,80.16833733826373,99.72065751594714,136.02296147255316,246.49512348085545,169.62457738681698,82.4945849455475,131.21720074647783,800.0459100983942,61.519853214618486,97.90332588649453,106.2215418823511,67.63760026350488,116.97954722246861
2026-06-01,151.335339033648,104.51654462515417,249.3227167624019,135.17730969580032,249.85685156961532,213.1662790671698,145.64797201829555,166.35161307833647,139.01688937780565,141.15248050353878,145.39580745415293,103.71638153564592,104.78803814823279,196.36598670556538,52.891797711068584,17.3076790669151,69.9688244254379,69.57962776655536,163.3121814331453,91.48461744883159,52.800016630520346,52.9522236482477,76.29711860513846,81.72796226175988,29.80670520982974,103.32506007042525,104.0371981597421,87.96064650117731,106.33538258044133,112.62934596726998,125.546204873956,162.01426276913838,124.4439156058252,81.30854876427087,35.49504402640499,114.63641124205809,149.5426261979658,148.90562734338715,80.5104193208953,122.48593093431332,102.65628462821512,74.45087629065117,233.40248824241644,159.11704575066622,122.81307413137901,93.81374667091504,,,108.2477615013523,135.93298657652025,138.38743816216703,73.59992118967006,152.34066163367345,127.42981450192063,199.7010202333037,127.48884985505192,92.32084501653988,78.4618420227769,159.1239317540728,94.18404224699447,86.54691440672396,95.79786299592813,145.50192031013984,79.30695404743616,123.4641578778385,92.26615869480969,194.98690655171166,81.65610858227895,144.40443331387698,96.36765122922877,126.81833872909766,81.39493903774084,104.01428434074323,139.6055057617131,248.591142658475,169.2680512997462,87.25626475828574,132.61218325612734,784.4944975267737,64.68078681290469,99.59473090645308,115.85614461986951,54.54660946428059,119.95209240435885
2026-07-01,152.11987242423294,107.55104550432755,252.9553601781996,146.09249469228232,247.33412990378017,212.74151457060043,122.30084268800337,163.6378176242275,142.30784118324752,175.30541357978032,151.3082088507048,102.55127317982708,96.68554556572255,209.0909729929993,48.574652614465855,0.474587013471242,71.6581554952112,73.2896496249277,211.33747916797185,97.28990297673495,49.56490387165998,52.233344191207024,71.47974227476682,76.77635919114759,32.4825583604134,91.00256131416862,107.10715064848183,93.41879574953484,113.85398598569223,109.78848361659004,134.30277696650901,173.72601224592964,129.0599283766287,102.35494415959016,32.75852822696266,124.9857578617685,142.02824986893333,139.6204938455063,69.79606208606165,118.11222101024559,102.46353097233991,75.76855278412361,218.76608363046032,156.19282727945816,114.7005984800073,93.55203593698607,,,107.66949331917667,136.38146759764922,137.02218266160813,62.917965634924904,155.97496987959033,143.45235086619024,211.35045883134168,126.997251284827,88.61632413572106,74.61722006012764,155.4639802503541,91.12326410179021,84.75016212608219,94.4631115986583,152.68556314265643,76.73029082389999,114.15822086377325,94.18737706363564,155.64806350733758,76.93067057283498,152.2292060298023,94.79549492659099,134.209456842913,76.31197495180788,102.63361493285215,126.04228575039429,217.67366876771686,177.35965834547343,78.5576847629127,132.47629943787828,810.2975471704391,61.841856856201694,99.10041958450485,102.56607895141725,77.22282682417202,118.1646866095709
